PK;NOMBRE;DESCRIPCION-ENTIDAD;HORARIO;EQUIPAMIENTO;TRANSPORTE;DESCRIPCION;ACCESIBILIDAD;CONTENT-URL;NOMBRE-VIA;CLASE-VIAL;TIPO-NUM;NUM;PLANTA;PUERTA;ESCALERAS;ORIENTACION;LOCALIDAD;PROVINCIA;CODIGO-POSTAL;BARRIO;DISTRITO;COORDENADA-X;COORDENADA-Y;LATITUD;LONGITUD;TELEFONO;FAX;EMAIL;TIPO;
1956;"Casa de América";" Antiguo Palacio de Linares, diseñado por Carlos Colubí en 1872. De estilo rococó, destaca la escalera de mármol de Manuel Aníbal Álvarez y toda la decoración interior. ";"";"  Celebración de actividades culturales: conciertos, conferencias, mesas redondas, actividades infantiles, exposiciones  Sala de exposiciones  Anfiteatro  Centro de información y documentación  Cine  Restauración   Restaurante Le Cabrera Casa de América, abierto todos los días de 13:30 a 15:30 y de 20:30 a 00 horas. Dispone de reservado.  Coctelería Le Cabrerita ,  abierta de lunes a domingo de 13:30 a 2 horas. Acceso por Paseo de Recoletos, 2.  Cafetería Le Cabrera Casa de América, abierta de lunes a domingo de 9 a 12 horas. Acceso por Marqués del Duero.  Terraza de verano.     La programación puede ser consultada en  http://www.casamerica.es/  ";" Metro: Banco de España (línea 2)  Bus: 1, 2, 5, 9, 10, 14, 15, 20, 27, 34, 37, 45, 51, 52, 53, 74, 146, 150, 202  Renfe: Recoletos ";"  Horario :    Exposiciones:  de lunes a sábados de 11 a 20 horas y domingos de 11 a 15 horas y agosto cerrado.   Punto de infor  mación:  de lunes a viernes de 9 a 20 horas.   Sala de proyecciones (Cine Iberia):  programación regular de miércoles a sábados a las 20 horas (las sesiones anunciadas pueden sufrir cambios). Proyecciones extraordinarias los lunes y martes   Taquilla:    De lunes a viernes desde las 18 horas en el punto de información.  Desde las 20 horas en el Cine Iberia.  Sábados, domingos y festivos desde las 19 horas.  Agosto de miércoles a sábados de 19 a 20 horas.     Restaurante Le Cabrera Casa de América:  abierto todos los días de 13:30 a 15:30 horas y de 20:30 a 00 horas   Visitas guiadas Palacio de Linares.  Duración: 1 hora. Comienzan cada hora en punto. Solo visitas en grupo con un mínimo 10 y un máximo 20 personas. Antes de comenzar el recorrido se proyecta un vídeo de 8 minutos de duración. Las visitas se hacen en inglés, español y grupos mixtos. Horarios: sábados y domingos a las 11, 12 y 13 horas. No hay visitas los días 3 de mayo, 4, 5, 11 y 12 de octubre  ";"1";"http://www.madrid.es/vgn-ext-templating/v/index.jsp?vgnextchannel=9e4c43db40317010VgnVCM100000dc0ca8c0RCRD&vgnextoid=10f979262ef5d010VgnVCM1000000b205a0aRCRD";"CIBELES";"PLAZA";"V";"4";"";"";"";"";"MADRID";"MADRID";"28014";"RECOLETOS";"SALAMANCA";"441379";"4474785";"40.419749969504096";"-3.6922961903054348";"915 954 800 (información) / 915 775 955 (reservas para el restaurante)";"";"";"/contenido/entidadesYorganismos/Consorcios"; 
7320916;"Casa de la Juventud de Arganzuela";"";"De 10 a 14 horas ";"  Equipamientos:  3 despachos de atención al público   Servicios    Asesoramiento laboral  Orientación de estudios  Información sobre la tramitación de carnets  Campamentos  ";" Metro: Legazpi (líneas 3, 6), Pirámides (línea 5)   Bus: 6, 8, 18, 19, 45, 47, 59, 78, 85, 86, 148, 62 ";"";"0";"http://www.madrid.es/vgn-ext-templating/v/index.jsp?vgnextchannel=9e4c43db40317010VgnVCM100000dc0ca8c0RCRD&vgnextoid=84701c2830b14410VgnVCM1000000b205a0aRCRD";"CHOPERA";"PASEO";"V";"10";"";"";"";"";"MADRID";"MADRID";"28045";"CHOPERA";"ARGANZUELA";"440824";"4471863";"40.3933877847248";"-3.698565632659468";"915 132 661     
";"";"juventudarganzuela@act-educo.com";"/contenido/entidadesYorganismos/CentrosCulturales"; 
84763;"Centro Comunitario Casino de la Reina (Centro)";"";"  De apertura    De lunes a viernes de 8 a 22 horas  Sábados de 10 a 22 horas  Domingos de 10 a 15 horas (según actividad)   De atención de los Trabajadores Sociales Comunitarios (no es necesaria cita previa)   Lunes a jueves de 9 a 19 horas  Viernes de 9 a 14 horas  Julio y agosto de 9 a 15 horas. ";"Centro comunitario";" Metro: Embajadores  BUS: 27 , 34 , 36 , 41 , 47 , 60 , 78 , 116 , 118 , 119 , 148  Renfe: Embajadores            ";" Actividades: Sociales  Beneficiarios: Vecinos del Distrito Centro ";"0";"http://www.madrid.es/vgn-ext-templating/v/index.jsp?vgnextchannel=9e4c43db40317010VgnVCM100000dc0ca8c0RCRD&vgnextoid=326f38d60b41c010VgnVCM2000000c205a0aRCRD";"CASINO";"CALLE";"V";"3";"";"";"";"";"MADRID";"MADRID";"28005";"EMBAJADORES";"CENTRO";"440323";"4473355";"40.406792648617134";"-3.7046086019457167";"91 539 63 10";"";"cccreina@madrid.es";"/contenido/entidadesYorganismos/CentrosAtencionSocial/CentrosServiciosSociales"; 
1916;"Centro Conde Duque";" Centro Conde Duque es un espacio cultural vinculado a la memoria y a la la difusión de Madrid.  Entre sus fines se encuentran: la difusión de la historia de Madrid, el intercambio de conocimientos históricos con la sociedad, la conservación de  los fondos históricos y artísticos del Ayuntamiento y la producción y exhibición de manifestaciones artísticas relacionadas con el mundo de la escena y de la música. ";"  Exposiciones (entrada gratuita)    De martes a sábado de 10 a 14 y de 17:30 a 21 horas.  Domingos y festivos de 10:30 a 14 horas.  ";"   Salas de Exposiciones:  espacios expositivos con más de mil quinientos metros cuadrados, caracterizada por sus muros de ladrillo y por los espacios abovedados.   Auditorio Conde Duque:  1300 metros cuadrados, renovados en el 2011.   Teatro Conde Duque : espacio escénico moderno y versátil, con una escena de 12 por 17 metros de superficie y un peine de 5,99 metros de altura. Cuenta, además, con dos grandes salas de ensayo adyacentes.  ";" Metro: Ventura Rodríguez (línea 3), San Bernardo (línea 2 y 4) y Noviciado (línea 2).  Bus: 1, 2, 44, 74, 133, 202, 749, Minibús M-2 ";"  Teatro, Auditorio     Venta de entradas:   www.entradas.com   y taquilla del recinto  Contacto: 917 220 573 (de lunes a viernes de 10 a 14:30 horas y de 16 a 17 horas)  Correo electrónico:  actividades@condeduquemadrid.es     Salón de actos, Salas de ensayo y Eventos    Contacto: 917 220 573 (de lunes a viernes de 10 a 14:30 horas y de 16 a 17 horas)  Correo electrónico:  actividades@condeduquemadrid.es     Exposiciones: entrada gratuita    Contacto: 914 800 401  Correo electrónico:  cdinfoexposiciones@madrid.es   ";"1";"http://www.madrid.es/vgn-ext-templating/v/index.jsp?vgnextchannel=9e4c43db40317010VgnVCM100000dc0ca8c0RCRD&vgnextoid=64463d0b5e71c010VgnVCM1000000b205a0aRCRD";"CONDE DUQUE";"CALLE";"V";"9 - 11";"";"";"";"";"MADRID";"MADRID";"28015";"UNIVERSIDAD";"CENTRO";"439864";"4475706";"40.427938443518215";"-3.710240346719518";"";"";"";"/contenido/entidadesYorganismos/MonumentosEdificiosArtisticos"; 
117288;"Centro Cultural Agustín Díaz (Moncloa - Aravaca)";"";" Secretaría: de lunes a viernes de 9 a 14 y de 17 a 19 horas.  ";" 5 aulas. ";" Bus: 41, 75 ";"";"0";"http://www.madrid.es/vgn-ext-templating/v/index.jsp?vgnextchannel=9e4c43db40317010VgnVCM100000dc0ca8c0RCRD&vgnextoid=2d07cbf06c81c010VgnVCM1000000b205a0aRCRD";"COMANDANTE FORTEA";"PASEO";"V";"42";"";"";"";"";"MADRID";"MADRID";"28008";"CASA DE CAMPO";"MONCLOA-ARAVACA";"437982";"4475676";"40.427529767653965";"-3.732422627386268";"915 487 772 / 773 / 774 ";"";"ccadiaz@madrid.es";"/contenido/entidadesYorganismos/CentrosCulturales"; 
72862;"Centro Cultural Alfonso XII (Fuencarral - El Pardo)";"";" Secretaría: de lunes a viernes de 9 a 15 horas. ";"  Sala de exposiciones  Sala de lectura y estudio  Salón de actos / auditorio  6 aulas  Cafetería  ";"Bus: 601 (salida desde el Intercambiador de Moncloa).";"En la misma sede está ubicada la sala de estudio Alfonso XII.  ";"1";"http://www.madrid.es/vgn-ext-templating/v/index.jsp?vgnextchannel=9e4c43db40317010VgnVCM100000dc0ca8c0RCRD&vgnextoid=b7d168540e41c010VgnVCM2000000c205a0aRCRD";"MIRA EL RIO";"CALLE";"V";"4";"";"";"";"";"MADRID";"MADRID";"28048";"EL PARDO";"FUENCARRAL-EL PARDO";"434214";"4485937";"40.519673311658686";"-3.7779055687726535";"913 762 060 / 913 762 062";"";"ccelpardo@madrid.es";"/contenido/entidadesYorganismos/CentrosCulturales"; 
118067;"Centro Cultural Alfredo Kraus (Fuencarral - El Pardo)";"";"Secretaría: de lunes a jueves de 10 a 14 y de 16 a 18. Viernes de 10 a 14 horas.";"  Sala de exposiciones  Sala de lectura y estudio  2 salones de actos / auditorio  14 aulas  Cafetería  ";" Bus: 49 , 64 ";"";"1";"http://www.madrid.es/vgn-ext-templating/v/index.jsp?vgnextchannel=9e4c43db40317010VgnVCM100000dc0ca8c0RCRD&vgnextoid=7337cbf06c81c010VgnVCM1000000b205a0aRCRD";"PRADERA DE VAQUERIZAS";"GLORIETA";"V";"9";"";"";"";"";"MADRID";"MADRID";"28035";"MIRASIERRA";"FUENCARRAL-EL PARDO";"438957";"4482694";"40.49082275610172";"-3.7216054330053647";"913 767 085";"";"cckraus@madrid.es";"/contenido/entidadesYorganismos/CentrosCulturales"; 
1990;"Centro Cultural Almirante Churruca (Latina)";"";" Secretaría: de lunes a viernes de 9 a 14 y de 16,30 a 19 horas.  ";"  Sala de exposiciones  Sala de lectura/estudio  Salón de actos/auditorio  10 Aulas  Cafetería  ";" Metro: Aviación Española (línea 10)  Bus: 17, 34, 39, 139  Renfe: Las Águilas ";"";"1";"http://www.madrid.es/vgn-ext-templating/v/index.jsp?vgnextchannel=9e4c43db40317010VgnVCM100000dc0ca8c0RCRD&vgnextoid=76c43d0b5e71c010VgnVCM1000000b205a0aRCRD";"FUENTE DEL TIRO";"CALLE";"V";"72";"";"";"";"";"MADRID";"MADRID";"28024";"LAS AGUILAS";"LATINA";"433895";"4470766";"40.3829835905706";"-3.7800890564106613";"915 090 581 / 917 053 794";"";"ccchurruca@madrid.es";"/contenido/entidadesYorganismos/CentrosCulturales"; 
1942;"Centro Cultural Antonio Machado (San Blas - Canillejas)";"";" Secretaría: de lunes a viernes de 10 a 13:45 y de 16:30 a 18:30 horas.  ";"  2 salas de exposiciones  2 salones de actos / auditorio  18 aulas  ";"Bus: 4, 106, 140";"";"1";"http://www.madrid.es/vgn-ext-templating/v/index.jsp?vgnextchannel=9e4c43db40317010VgnVCM100000dc0ca8c0RCRD&vgnextoid=cce43d0b5e71c010VgnVCM1000000b205a0aRCRD";"SAN ROMAN DEL VALLE";"CALLE";"V";"8";"";"";"";"";"MADRID";"MADRID";"28037";"ARCOS";"SAN BLAS-CANILLEJAS";"447365";"4474799";"40.42027705095574";"-3.621741078700336";"913 135 294 / 913 135 295 
";"";"ccamachado@madrid.es";"/contenido/entidadesYorganismos/CentrosCulturales"; 
1919;"Centro Cultural Aravaca (Moncloa - Aravaca)";"";" Secretaría: de lunes a viernes de 10 a 13:30 horas. Lunes y martes de 18 a 20 horas ";"  Sala de exposiciones  7 aulas  ";"Bus: 160, 161";"";"1";"http://www.madrid.es/vgn-ext-templating/v/index.jsp?vgnextchannel=9e4c43db40317010VgnVCM100000dc0ca8c0RCRD&vgnextoid=13153d0b5e71c010VgnVCM1000000b205a0aRCRD";"ZARZA";"CALLE";"V";"20";"";"";"";"";"MADRID";"MADRID";"28023";"ARAVACA";"MONCLOA-ARAVACA";"433479";"4479145";"40.45843095535268";"-3.78586746040826";"917 400 882 / 883";"";"ccaravaca@madrid.es";"/contenido/entidadesYorganismos/CentrosCulturales"; 
52511;"Centro Cultural Auditorio Parque El Paraiso (San Blas - Canillejas)";"";"";"";" Metro: Simancas (línea 7).  Bus: 4, 38, 48, 70, 109. ";"";"0";"http://www.madrid.es/vgn-ext-templating/v/index.jsp?vgnextchannel=9e4c43db40317010VgnVCM100000dc0ca8c0RCRD&vgnextoid=a395946be351c010VgnVCM2000000c205a0aRCRD";"ARCENTALES";"AVENIDA";"V";"4";"";"";"";"";"MADRID";"MADRID";"28037";"HELLIN";"SAN BLAS-CANILLEJAS";"447335";"4475875";"40.42996840999023";"-3.622184001035289";"915 888 065 ";"";"cultusanblas@madrid.es";"/contenido/entidadesYorganismos/AuditoriosSalasConcierto"; 
64851;"Centro Cultural Buenavista (Salamanca)";"";" Secretaría: de lunes a viernes de 10 a 14 y de 16 a 18 horas ";"  Sala de exposiciones  Sala de lectura y estudio  1 salón de actos / auditorio (1 teatro y el salón de Plenos)  8 aulas / 2 gimnasios  En la misma ubicación Biblioteca Municipal (93 puestos de lectura)  ";" Metro: Diego de León (líneas 4 , 5 , 6)  Bus: 1, 12, 48, 74 ";"";"1";"http://www.madrid.es/vgn-ext-templating/v/index.jsp?vgnextchannel=9e4c43db40317010VgnVCM100000dc0ca8c0RCRD&vgnextoid=068e598d1351c010VgnVCM1000000b205a0aRCRD";"TOREROS";"AVENIDA";"V";"5";"";"";"";"";"MADRID";"MADRID";"28028";"GUINDALERA";"SALAMANCA";"443202";"4476130";"40.43199309720514";"-3.670929243543714";"917 240 800 / 917 240 802";"";"ccbuenavista@madrid.es";"/contenido/entidadesYorganismos/CentrosCulturales"; 
1943;"Centro Cultural Buero Vallejo (San Blas - Canillejas)";"";" Secretaría: de lunes a viernes de 9:30 a 13:30 y de 16 a 18 horas.  ";"  Sala de exposiciones  Salón de actos / auditorio  8 aulas  ";" Metro: Torres Arias (línea 5)  Bus: 77  ";"";"0";"http://www.madrid.es/vgn-ext-templating/v/index.jsp?vgnextchannel=9e4c43db40317010VgnVCM100000dc0ca8c0RCRD&vgnextoid=98953d0b5e71c010VgnVCM1000000b205a0aRCRD";"BOLTAÑA";"CALLE";"V";"26";"";"";"";"";"MADRID";"MADRID";"28022";"CANILLEJAS";"SAN BLAS-CANILLEJAS";"448133";"4477512";"40.44476574042984";"-3.6129105026343784";"917 411 013 / 917 411 182";"";"ccbvallejo@madrid.es";"/contenido/entidadesYorganismos/CentrosCulturales"; 
115404;"Centro Cultural Campamento (Latina)";"";" Secretaría: de lunes a viernes de 9 a 14 horas y de 16:30 a 19 horas ";"  Sala de exposiciones  Sala de lectura y estudio  Salón de actos / auditorio  8 aulas  ";" Metro: Colonia Jardín (línea 10)  Bus: 65 ";"En la misma sede está ubicada la Sala de Estudio Campamento. ";"1";"http://www.madrid.es/vgn-ext-templating/v/index.jsp?vgnextchannel=9e4c43db40317010VgnVCM100000dc0ca8c0RCRD&vgnextoid=c957cbf06c81c010VgnVCM1000000b205a0aRCRD";"BOADILLA DEL MONTE";"CARRETERA";"V";"40B";"";"";"";"";"MADRID";"MADRID";"28024";"CAMPAMENTO";"LATINA";"434331";"4472625";"40.399764677637116";"-3.775144917950534";"915 120 890";"";"cccampamento@madrid.es";"/contenido/entidadesYorganismos/CentrosCulturales"; 
118317;"Centro Cultural Carril del Conde (Hortaleza)";"";" Secretaría: de 9 a 14 y de 17 a 19 horas ";"";" Metro: Arturo Soria (línea 4)  Bus: 9, 72, 73 ";"  Sala de exposiciones  Sala de lectura y estudio  Salón de actos / auditorio  8 aulas  ";"1";"http://www.madrid.es/vgn-ext-templating/v/index.jsp?vgnextchannel=9e4c43db40317010VgnVCM100000dc0ca8c0RCRD&vgnextoid=66a7cbf06c81c010VgnVCM1000000b205a0aRCRD";"CARRIL DEL CONDE";"CALLE";"V";"57";"";"";"";"";"MADRID";"MADRID";"28043";"CANILLAS";"HORTALEZA";"444625";"4479327";"40.46088946853693";"-3.654432812836867";"917 161 240                
";"";"cccarrilconde@madrid.es";"/contenido/entidadesYorganismos/CentrosCulturales"; 
1945;"Centro Cultural Casa de Vacas (Retiro)";"";" Secretaría: no tiene ";"  Sala de exposiciones  Salón de actos / auditorio  ";" Metro: Retiro (línea 2)  Bus: 2, 20, 28, 202 ";"";"0";"http://www.madrid.es/vgn-ext-templating/v/index.jsp?vgnextchannel=9e4c43db40317010VgnVCM100000dc0ca8c0RCRD&vgnextoid=35e53d0b5e71c010VgnVCM1000000b205a0aRCRD";"COLOMBIA";"PASEO";"V";"1";"";"";"";"";"MADRID";"MADRID";"28009";"LOS JERONIMOS";"RETIRO";"442077";"4474703";"40.41906024374356";"-3.6840615387926956";"914 095 819 / 914 092 336                    
";"";"culturetiro@madrid.es";"/contenido/entidadesYorganismos/SalasExposiciones"; 
1925;"Centro Cultural Casa del Reloj (Arganzuela)";"";" Secretaría: de lunes a viernes de 10 a 13 y de 17 a 19 horas (talleres). ";"  3 Salas de exposiciones  Salón de actos / auditorio  14 Aulas  Cafetería  ";" Metro: Legazpi (líneas 3, 6)  Bus: 6, 18, 62, 78, 148 ";"";"1";"http://www.madrid.es/vgn-ext-templating/v/index.jsp?vgnextchannel=9e4c43db40317010VgnVCM100000dc0ca8c0RCRD&vgnextoid=8b063d0b5e71c010VgnVCM1000000b205a0aRCRD";"CHOPERA";"PASEO";"V";"6 Y 10";"";"";"";"";"MADRID";"MADRID";"28045";"CHOPERA";"ARGANZUELA";"440695";"4471989";"40.39451366525626";"-3.70009728519456";"915 886 290 (Talleres) /  915 886 207 (Actividades culturales)";"";"cultuarganzuela@madrid.es";"/contenido/entidadesYorganismos/CentrosCulturales"; 
4551096;"Centro Cultural Ciudad Pegaso (San Blas - Canillejas)";"";" Secretaría: de lunes a viernes de 10 a 13:45 y de 16:30 a 18:30 horas. ";"  Salas de exposiciones  Sala de lectura y estudio  Salón de actos / auditorio  4 aulas  ";"Bus :  77 ";"";"0";"http://www.madrid.es/vgn-ext-templating/v/index.jsp?vgnextchannel=9e4c43db40317010VgnVCM100000dc0ca8c0RCRD&vgnextoid=07f63190712b1110VgnVCM1000000b205a0aRCRD";"SEPTIMA";"AVENIDA";"V";"11";"";"";"";"";"MADRID";"MADRID";"28022";"REJAS";"SAN BLAS-CANILLEJAS";"449394";"4477912";"40.448447065005375";"-3.598073564558783";"913 209 770 / 917 415 852";"";"cccpegaso@madrid.es";"/contenido/entidadesYorganismos/CentrosCulturales"; 
80143;"Centro Cultural Dotacional Integrado Arganzuela";"";" Secretaría: de lunes a viernes de 10 a 13 y de 17 a 19 horas ";"  Sala de exposiciones  Sala de lectura y estudio  Salón de actos / auditorio  2 salas de ensayo  8 aulas  Cafetería  ";" Metro: Palos de la Frontera (línea 3)  Bus: 6, 8, 19, 45, 47, 55, 59, 85, 86, 247 ";"";"1";"http://www.madrid.es/vgn-ext-templating/v/index.jsp?vgnextchannel=9e4c43db40317010VgnVCM100000dc0ca8c0RCRD&vgnextoid=f9ea79262ef5d010VgnVCM1000000b205a0aRCRD";"CANARIAS";"CALLE";"V";"17";"";"";"";"";"MADRID";"MADRID";"28045";"PALOS DE MOGUER";"ARGANZUELA";"441089";"4472825";"40.40207279862862";"-3.6955325387824014";"915 063 610 / 914 682 258 (atención talleres)";"";"cdiarganzuela@madrid.es";"/contenido/entidadesYorganismos/CentrosCulturales"; 
5498725;"Centro Cultural Eduardo Úrculo (Tetuán)";"";" Secretaría: de lunes a jueves de 9:30 a 13:30 y de 17 a 18:30 horas. Viernes de 9:30 a 13:30 horas.  ";"  2 salas de exposiciones  Salón de actos / auditorio  4 salas de ensayo  9 aulas  ";" Metro: Ventilla (línea 9)  Bus: 42 ";"En la misma sede está ubicada la Sala de Estudio Eduardo Úrculo. ";"0";"http://www.madrid.es/vgn-ext-templating/v/index.jsp?vgnextchannel=9e4c43db40317010VgnVCM100000dc0ca8c0RCRD&vgnextoid=f8f9338588355210VgnVCM1000000b205a0aRCRD";"DONOSO";"PLAZA";"V";"5";"";"";"";"";"MADRID";"MADRID";"28029";"ALMENARA";"TETUAN";"440967";"4480259";"40.46903299144094";"-3.6976620067964996";"913 239 749 / 917 337 249";"";"cceurculo@madrid.es";"/contenido/entidadesYorganismos/CentrosCulturales"; 
1953;"Centro Cultural el Madroño (Vicálvaro)";"";"Secretaría: de lunes a viernes de 9 a 14 horas.";"  Sala de exposiciones  Sala de lectura y estudio  Salón de actos / auditorio  Sala de ensayo  9 aulas  ";" Metro: Vicálvaro (línea 9)  Bus: 4, 100, 106, 130 ";"";"0";"http://www.madrid.es/vgn-ext-templating/v/index.jsp?vgnextchannel=9e4c43db40317010VgnVCM100000dc0ca8c0RCRD&vgnextoid=57b63d0b5e71c010VgnVCM1000000b205a0aRCRD";"VILLARDONDIEGO";"CALLE";"V";"36";"";"";"";"";"MADRID";"MADRID";"28032";"CASCO H.VICALVARO";"VICALVARO";"448466";"4473127";"40.405283650744316";"-3.6086278232922804";"917 753 140          
";"";"ccelmadrono@madrid.es";"/contenido/entidadesYorganismos/CentrosCulturales"; 
1939;"Centro Cultural el Pozo del Tío Raimundo (Puente de Vallecas)";"";" Secretaría: de lunes a viernes de 9 a 14 y de 17 a 19 horas. ";"  2 salas de exposiciones   2 salas de lectura y estudio  Salón de actos / auditorio  2 salas de ensayo  12 aulas  Cafetería  ";" Bus: 24, 102 ";"";"1";"http://www.madrid.es/vgn-ext-templating/v/index.jsp?vgnextchannel=9e4c43db40317010VgnVCM100000dc0ca8c0RCRD&vgnextoid=add63d0b5e71c010VgnVCM1000000b205a0aRCRD";"GLORIETAS";"AVENIDA";"V";"19 - 21";"";"";"";"";"MADRID";"MADRID";"28053";"ENTREVIAS";"PUENTE DE VALLECAS";"444059";"4469640";"40.3735856436473";"-3.6602546064905397";"917 866 372 / 917 866 644";"";"ccptioraimundo@madrid.es";"/contenido/entidadesYorganismos/CentrosCulturales"; 
1940;"Centro Cultural el Torito (Moratalaz)";"";" Secretaría: de lunes a viernes de 9 a 13:30 y de 16 a 17:30 horas. ";"  Sala de lectura y estudio  Salón de actos / auditorio  9 aulas  ";" Metro: Artilleros (línea 9)  Bus: 20, 30, 32, 71, 100 ";"";"0";"http://www.madrid.es/vgn-ext-templating/v/index.jsp?vgnextchannel=9e4c43db40317010VgnVCM100000dc0ca8c0RCRD&vgnextoid=f3073d0b5e71c010VgnVCM1000000b205a0aRCRD";"MORATALAZ";"AVENIDA";"V";"130";"";"";"";"";"MADRID";"MADRID";"28030";"VINATEROS";"MORATALAZ";"445250";"4473240";"40.40609591857167";"-3.646536107063507";"913 287 385 / 913 287 386";"";"cceltorito@madrid.es";"/contenido/entidadesYorganismos/CentrosCulturales"; 
1931;"Centro Cultural Federico Chueca (Hortaleza)";"";" Secretaría: de lunes a jueves de 9 a 14 y de 17 a 19 horas. Viernes de 9 a 14 horas. ";"  Salón de actos / auditorio  3 aulas  ";" Bus: 73, 87 ";"";"1";"http://www.madrid.es/vgn-ext-templating/v/index.jsp?vgnextchannel=9e4c43db40317010VgnVCM100000dc0ca8c0RCRD&vgnextoid=90573d0b5e71c010VgnVCM1000000b205a0aRCRD";"BENITA AVILA";"CALLE";"V";"17";"";"";"";"";"MADRID";"MADRID";"28043";"CANILLAS";"HORTALEZA";"444956";"4479779";"40.46498334634005";"-3.650568266584691";"913 000 389";"";"ccfchueca@madrid.es";"/contenido/entidadesYorganismos/CentrosCulturales"; 
4703628;"Centro Cultural Fernando Lázaro Carreter (Carabanchel)";"";" Secretaría: de lunes a viernes de 9:30 a 14 horas y de 16:30 a 19:30 horas. ";"  Sala de exposiciones  Sala de lectura y estudio  Salón de actos / auditorio  8 aulas  2 gimnasios  Cafetería   ";" Bus: 55, 60, 116 ";"";"1";"http://www.madrid.es/vgn-ext-templating/v/index.jsp?vgnextchannel=9e4c43db40317010VgnVCM100000dc0ca8c0RCRD&vgnextoid=340ed2d6fe9a6110VgnVCM1000000b205a0aRCRD";"VERDAD";"CALLE";"V";"29";"";"";"";"";"MADRID";"MADRID";"28019";"OPAÑEL";"CARABANCHEL";"439245";"4471670";"40.391436091094086";"-3.7171618764739933";"914 690 895         
";"";"cclazarocarreter@act-educo.com";"/contenido/entidadesYorganismos/CentrosCulturales"; 
1921;"Centro Cultural Galileo (Chamberí)";"";"  Secretaría    De lunes a jueves de 9 a 14 y de 15 a 17 horas  Viernes de 9 a 14 horas    Salas de exposiciones : de lunes a sábado de 10 a 14 y de 16 a 20 horas ";"  Espacios    Teatro Galileo  Auditorio    Servicios    Información cultural  Promotora Deportiva  Negociado de Participación Ciudadana  Salas de exposiciones  Salas de lectura y estudio  Auditorio  Salas de ensayo (música)  Gimnasio  Cafetería (de 9:30 a 21 horas)  Cesión de espacios  El Centro Cultural Galileo cede algunos de sus espacios para actos culturales    ";" Bus: 2, 16, 61, 202 ";"";"1";"http://www.madrid.es/vgn-ext-templating/v/index.jsp?vgnextchannel=9e4c43db40317010VgnVCM100000dc0ca8c0RCRD&vgnextoid=30181e79ee71c010VgnVCM1000000b205a0aRCRD";"GALILEO";"CALLE";"V";"39";"";"";"";"";"MADRID";"MADRID";"28015";"ARAPILES";"CHAMBERI";"439851";"4476347";"40.43371190964793";"-3.7104543597957758";"915 913 901";"";"ccgalileo@madrid.es";"/contenido/entidadesYorganismos/CentrosCulturales"; 
70243;"Centro Cultural Gloria Fuertes (Barajas)";"";" Secretaría: de lunes a viernes de 10 a 14 y de 16 a 19 horas. ";"  Sala de exposiciones  Sala de lectura y estudio, con 58 puestos  4 aulas  Cafetería    ";" Bus: 105, 112, 115, 151. ";"";"1";"http://www.madrid.es/vgn-ext-templating/v/index.jsp?vgnextchannel=9e4c43db40317010VgnVCM100000dc0ca8c0RCRD&vgnextoid=2e5068540e41c010VgnVCM2000000c205a0aRCRD";"LOGROÑO";"AVENIDA";"V";"179";"";"";"";"";"MADRID";"MADRID";"28042";"CORRALEJOS";"BARAJAS";"449775";"4479261";"40.460622835379624";"-3.5936877657335935";"913 120 245 ";"";"infantegjc@madrid.es";"/contenido/entidadesYorganismos/CentrosCulturales"; 
1930;"Centro Cultural Hortaleza";"";" Secretaría: de 9 a 14 y de 17 a 19 horas ";"  Sala de exposiciones  Sala de lectura y estudio  Salón de actos / auditorio  4 salas de ensayo  5 aulas  ";" Metro: Parque de Santa María (línea 4)  Bus: 72, 87, 107 ";"";"1";"http://www.madrid.es/vgn-ext-templating/v/index.jsp?vgnextchannel=9e4c43db40317010VgnVCM100000dc0ca8c0RCRD&vgnextoid=86381e79ee71c010VgnVCM1000000b205a0aRCRD";"SANTA VIRGILIA";"CALLE";"V";"15";"";"";"";"";"MADRID";"MADRID";"28033";"PINAR DEL REY";"HORTALEZA";"445689";"4481092";"40.476859845869534";"-3.6420353342333227";"913 821 493";"";"cchortaleza@madrid.es";"/contenido/entidadesYorganismos/CentrosCulturales"; 
1929;"Centro Cultural Huerta de la Salud (Hortaleza)";"";" Secretaría: de 9 a 14 y de 17 a 19 horas ";"  Sala de exposiciones  3 aulas  ";" Metro: San Lorenzo (línea 4)  Bus: 9, 72, 87, 107 ";"";"1";"http://www.madrid.es/vgn-ext-templating/v/index.jsp?vgnextchannel=9e4c43db40317010VgnVCM100000dc0ca8c0RCRD&vgnextoid=dc581e79ee71c010VgnVCM1000000b205a0aRCRD";"MAR DE ARAL";"CALLE";"V";"13 posterior";"";"";"";"";"MADRID";"MADRID";"28033";"PINAR DEL REY";"HORTALEZA";"445599";"4480837";"40.4745567778344";"-3.6430751341515526";"913 825 104";"";"cchuertasalud@madrid.es";"/contenido/entidadesYorganismos/CentrosCulturales"; 
6017747;"Centro Cultural José Luis López Vázquez (San Blas - Canillejas)";"";" Secretaría: de lunes a viernes de 10 a 13:45 y de 16:30 a 18:30 horas ";"  Sala de exposiciones  Sala de lectura y estudio  Salón de actos / auditorio  13 aulas  ";"Bus :  77 ";"";"0";"http://www.madrid.es/vgn-ext-templating/v/index.jsp?vgnextchannel=9e4c43db40317010VgnVCM100000dc0ca8c0RCRD&vgnextoid=b790e37de110f210VgnVCM1000000b205a0aRCRD";"FEBRERO";"CALLE";"V";"4";"";"";"";"";"MADRID";"MADRID";"28022";"REJAS";"SAN BLAS-CANILLEJAS";"451540";"4477716";"40.44680952522216";"-3.572752879108079";"913 293 900 (recepción) / 913 295 211 (secretaría)";"";"ccjllopezvazquez@madrid.es";"/contenido/entidadesYorganismos/CentrosCulturales"; 
1913;"Centro Cultural Juan Gris (Moncloa - Aravaca)";"";" Secretaría: lunes, martes, miércoles de 10 a 13:30 horas y martes, miércoles y jueves de 17 a 18:30 horas. ";" 3 aulas. ";" Metro: Francos Rodríguez (línea 7)  Bus: 44, 64, 126, 127, 132 ";"";"0";"http://www.madrid.es/vgn-ext-templating/v/index.jsp?vgnextchannel=9e4c43db40317010VgnVCM100000dc0ca8c0RCRD&vgnextoid=79a81e79ee71c010VgnVCM1000000b205a0aRCRD";"FRANCOS RODRIGUEZ";"CALLE";"V";"100";"";"";"";"";"MADRID";"MADRID";"28039";"VALDEZARZA";"MONCLOA-ARAVACA";"439719";"4479028";"40.457853881846276";"-3.712265435697068";"914 507 865 / 998 ";"";"ccjuangris@madrid.es";"/contenido/entidadesYorganismos/CentrosCulturales"; 
1911;"Centro Cultural Julio Cortázar (Moncloa - Aravaca)";"";" Secretaría: de lunes a jueves (atención al público) de 10 a 14 y de 17 a 19  horas. Viernes de 10 a 14 horas. ";"  Sala de exposiciones  Sala de lectura y estudio  Salón de actos / auditorio  6 aulas  ";" Metro: Valdezarza (línea 7)   Bus: 126, 127, 132 ";"";"1";"http://www.madrid.es/vgn-ext-templating/v/index.jsp?vgnextchannel=9e4c43db40317010VgnVCM100000dc0ca8c0RCRD&vgnextoid=cfc81e79ee71c010VgnVCM1000000b205a0aRCRD";"ANTONIO MACHADO";"CALLE";"V";"20";"";"";"";"";"MADRID";"MADRID";"28035";"VALDEZARZA";"MONCLOA-ARAVACA";"439107";"4480023";"40.46677250917085";"-3.7195786099544046";"913 734 375";"";"ccjcortazar@madrid.es";"/contenido/entidadesYorganismos/CentrosCulturales"; 
1965;"Centro Cultural Juvenil Usera";"";"Secretaría: de lunes a viernes de 9:30  a 13:30 y de 17 a 19 horas. ";"  1 sala de lectura y estudio, con aforo para 20 personas  4 aulas  ";" Metro: Usera (línea 6)  Bus: 23, 47, 60, 55, 247 ";"";"0";"http://www.madrid.es/vgn-ext-templating/v/index.jsp?vgnextchannel=9e4c43db40317010VgnVCM100000dc0ca8c0RCRD&vgnextoid=876e1e79ee71c010VgnVCM1000000b205a0aRCRD";"CUESTA";"CALLE";"V";"4";"";"";"";"";"MADRID";"MADRID";"28026";"MOSCARDO";"USERA";"440065";"4471477";"40.389856130874605";"-3.7074718790538297";"913 920 541";"";"cultuusera@madrid.es";"/contenido/entidadesYorganismos/CentrosCulturales"; 
1951;"Centro Cultural la Elipa (Ciudad Lineal)";"";" Secretaría: de lunes a viernes de 9 a 14 y de 17 a 19 horas ";"  Sala de exposiciones  Salón de actos / auditorio  7 aulas  ";" Metro: La Elipa (línea 2).  Bus: 110, 113, 210. ";"";"0";"http://www.madrid.es/vgn-ext-templating/v/index.jsp?vgnextchannel=9e4c43db40317010VgnVCM100000dc0ca8c0RCRD&vgnextoid=6c191e79ee71c010VgnVCM1000000b205a0aRCRD";"SANTA FELICIDAD";"CALLE";"V";"39";"";"";"";"";"MADRID";"MADRID";"28017";"VENTAS";"CIUDAD LINEAL";"444947";"4475271";"40.42437230961413";"-3.6502829258673395";"914 055 312";"";"ccelipa@madrid.es";"/contenido/entidadesYorganismos/CentrosCulturales"; 
1917;"Centro Cultural La Vaguada (Fuencarral - El Pardo)";"";"Secretaría: de lunes a viernes de 9 a 14 y de 16 a 19 horas.";"  Sala de exposiciones  Salón de actos / auditorio  7 aulas  ";" Metro: Barrio del Pilar (línea 9).  Bus: 49 , 83 , 128 , 132 , 137 ";" En la misma sede se encuentra la Oficina de Información Juvenil. ";"1";"http://www.madrid.es/vgn-ext-templating/v/index.jsp?vgnextchannel=9e4c43db40317010VgnVCM100000dc0ca8c0RCRD&vgnextoid=09691e79ee71c010VgnVCM1000000b205a0aRCRD";"MONFORTE DE LEMOS";"AVENIDA";"V";"38";"";"";"";"";"MADRID";"MADRID";"28029";"EL PILAR";"FUENCARRAL-EL PARDO";"440003";"4481374";"40.47900813206291";"-3.709138377702435";"915 886 883 / 915 886 882";"";"cclavaguada@madrid.es";"/contenido/entidadesYorganismos/CentrosCulturales"; 
1938;"Centro Cultural Lope de Vega (Puente de Vallecas)";"";" Secretaría: de lunes a viernes no festivos de 9 a 14 y de 17 a 19 horas. ";"  Sala de exposiciones   Sala de lectura y estudio  Salón de actos / auditorio  9 aulas  Vending (3&ordf; planta)  ";" Bus: 24, 102 ";"";"1";"http://www.madrid.es/vgn-ext-templating/v/index.jsp?vgnextchannel=9e4c43db40317010VgnVCM100000dc0ca8c0RCRD&vgnextoid=4a273d0b5e71c010VgnVCM1000000b205a0aRCRD";"CONCEJO DE TEVERGA";"CALLE";"V";"1";"";"";"";"";"MADRID";"MADRID";"28053";"ENTREVIAS";"PUENTE DE VALLECAS";"443084";"4471058";"40.386293684801885";"-3.6718658006661906";"917 570 580 / 917 570 581        
";"";"cclopedevega@madrid.es";"/contenido/entidadesYorganismos/CentrosCulturales"; 
1973;"Centro Cultural Los Rosales (Villaverde)";"";" Secretaría: de lunes a jueves de 9:30 a 13:30 y de 17 a 19 y viernes de 9:30 a 13:30 horas. ";"  Sala de exposiciones  Sala de lectura y estudio  Salón de actos / auditorio  9 aulas  Cafetería  ";" Bus: 85 ";"";"1";"http://www.madrid.es/vgn-ext-templating/v/index.jsp?vgnextchannel=9e4c43db40317010VgnVCM100000dc0ca8c0RCRD&vgnextoid=a5b91e79ee71c010VgnVCM1000000b205a0aRCRD";"LOS ROSALES";"AVENIDA";"V";"133";"";"";"";"";"MADRID";"MADRID";"28021";"BUTARQUE";"VILLAVERDE";"442592";"4467116";"40.35074797433515";"-3.6773064421969233";"917 109 273";"";"cclosrosales@madrid.es";"/contenido/entidadesYorganismos/CentrosCulturales"; 
142944;"Centro Cultural Lucero (Latina)";"";" Secretaría: de lunes a viernes de 9 a 14:30 horas y de 16 a 18 horas ";"  4 salas de ensayos  Sala de exposiciones  Sala de lectura y estudio  Salón de actos / auditorio  6 aulas  ";" Metro: Laguna (línea 6)  Bus: 55, 119, 138  Renfe: Laguna ";"En la misma sede está ubicada la Sala de Estudio Lucero. ";"1";"http://www.madrid.es/vgn-ext-templating/v/index.jsp?vgnextchannel=9e4c43db40317010VgnVCM100000dc0ca8c0RCRD&vgnextoid=bd3fba61e681c010VgnVCM1000000b205a0aRCRD";"CASTROSERNA";"CALLE";"V";"4B";"";"";"";"esquina Calle Latina";"MADRID";"MADRID";"28047";"LUCERO";"LATINA";"436542";"4472809";"40.40159394334669";"-3.749110841406562";"915 267 820 / 821";"";"cclucero@madrid.es";"/contenido/entidadesYorganismos/CentrosCulturales"; 
4606802;"Centro Cultural Luis Peidró (Retiro)";"";" Secretaría: de lunes a viernes de 9 a 14 y de 16 a 18 horas. ";"  Sala de lectura y estudio  Salón de actos / auditorio  7 aulas  ";" Metro: Puente de Vallecas (línea 1) , Mendez Álvaro (línea 6)  Bus: 113, 148 ";"En la misma sede está ubicada la Sala de Estudio Luis Peidró.";"0";"http://www.madrid.es/vgn-ext-templating/v/index.jsp?vgnextchannel=9e4c43db40317010VgnVCM100000dc0ca8c0RCRD&vgnextoid=a6c875993dc63110VgnVCM1000000b205a0aRCRD";"LUIS PEIDRO";"CALLE";"V";"2";"";"";"";"";"MADRID";"MADRID";"28007";"ADELFAS";"RETIRO";"442921";"4472249";"40.39701171509275";"-3.673893044860197";"915 016 942 / 915 021 015 
";"";"ccluispeidro@madrid.es";"/contenido/entidadesYorganismos/CentrosCulturales"; 
6469004;"Centro Cultural Mercado de Ibiza (Retiro)";"";"Secretaría: de lunes a viernes de 9 a 14 horas.";"  2 salas de lectura y estudio  6 aulas  ";" Metro: Ibiza (línea 9)  Bus: 15, 26, 61, 63, 202, 215 ";"";"1";"http://www.madrid.es/vgn-ext-templating/v/index.jsp?vgnextchannel=9e4c43db40317010VgnVCM100000dc0ca8c0RCRD&vgnextoid=dbeab973f50e7310VgnVCM1000000b205a0aRCRD";"IBIZA";"CALLE";"V";"8";"1ª";"";"";"";"MADRID";"MADRID";"28009";"IBIZA";"RETIRO";"442642";"4474600";"40.41817157699025";"-3.677392762224429";"915 572 601 / 915 571 885 
";"";"";"/contenido/entidadesYorganismos/CentrosCulturales"; 
1933;"Centro Cultural Meseta de Orcasitas (Usera)";"";" Secretaría: de lunes a viernes de 9 a 14 y de 17 a 19 horas. ";"  Sala de exposiciones  Salón de actos / auditorio  5 aulas  ";" Bus: 78, 81, 116 ";"";"1";"http://www.madrid.es/vgn-ext-templating/v/index.jsp?vgnextchannel=9e4c43db40317010VgnVCM100000dc0ca8c0RCRD&vgnextoid=fbd91e79ee71c010VgnVCM1000000b205a0aRCRD";"ASOCIACION";"PLAZA";"V";"1";"";"";"";"";"MADRID";"MADRID";"28041";"ORCASITAS";"USERA";"439988";"4469239";"40.36968950845358";"-3.7081679144829076";"913 415 677";"";"sanchezda@madrid.es";"/contenido/entidadesYorganismos/CentrosCulturales"; 
1955;"Centro Cultural Miguel Hernández (Latina)";"";" Secretaría: de lunes a viernes de 9 a 14:30 y de 17 a 19 horas ";"  Sala de exposiciones  Sala de lectura y estudio  Salón de actos / auditorio  7 aulas  ";" Bus: 34, 39, 117, 139  Renfe: Las Aguilas ";"En la misma sede esta ubicada la Sala de Estudios Miguel Hernández. ";"1";"http://www.madrid.es/vgn-ext-templating/v/index.jsp?vgnextchannel=9e4c43db40317010VgnVCM100000dc0ca8c0RCRD&vgnextoid=420a1e79ee71c010VgnVCM1000000b205a0aRCRD";"SERRADILLA";"CALLE";"V";"13";"";"";"";"";"MADRID";"MADRID";"28044";"LAS AGUILAS";"LATINA";"433732";"4470309";"40.378853797128336";"-3.7819616113032115";"917 066 300";"";"ccmiguelh@madrid.es";"/contenido/entidadesYorganismos/CentrosCulturales"; 
1972;"Centro Cultural Moncloa (Moncloa - Aravaca)";"            ";"";"  Sala de exposiciones  Salón de actos / auditorio  ";" Metro: Moncloa (líneas 3 , 6)  Bus: 1, 44, 82, 83, 132, 133, 160, 161, 162, A, G, C  ";"";"1";"http://www.madrid.es/vgn-ext-templating/v/index.jsp?vgnextchannel=9e4c43db40317010VgnVCM100000dc0ca8c0RCRD&vgnextoid=982a1e79ee71c010VgnVCM1000000b205a0aRCRD";"MONCLOA";"PLAZA";"V";"1";"";"";"";"CON VUELTA A FERNÁNDEZ DE LOS RIOS";"MADRID";"MADRID";"28008";"ARGUELLES";"MONCLOA-ARAVACA";"439138";"4476517";"40.43519137700088";"-3.718876324432256";"915 886 978  / 914 800 586 / 914 800 587 / 915 886 952           
";"";"ccmoncloa@madrid.es";"/contenido/entidadesYorganismos/CentrosCulturales"; 
1932;"Centro Cultural Nicolás Salmerón (Chamartín)";"";" Secretaría: de lunes a viernes de 9:30 a 13:30 y de 16:30 a 18:30 horas. ";"  Sala de exposiciones  Salón de actos / auditorio  Sala de ensayo  13 aulas  Cafetería  ";" Metro: Cruz del Rayo (línea 9)  Bus: 16, 19, 29, 52 ";"";"1";"http://www.madrid.es/vgn-ext-templating/v/index.jsp?vgnextchannel=9e4c43db40317010VgnVCM100000dc0ca8c0RCRD&vgnextoid=ee4a1e79ee71c010VgnVCM1000000b205a0aRCRD";"MANTUANO";"CALLE";"V";"51";"";"";"";"";"MADRID";"MADRID";"28002";"CIUDAD JARDIN";"CHAMARTIN";"442766";"4477922";"40.44810636195716";"-3.6762309620097398";"915 103 751";"";"ccnsalmeron@madrid.es";"/contenido/entidadesYorganismos/CentrosCulturales"; 
1934;"Centro Cultural Orcasur (Usera)";"";" Secretaría: de lunes a viernes de 9 a 13:30 y de 17 a 19 horas. ";"  Salón de actos / auditorio  2 salas de ensayo  4 aulas  Cafetería (vending)  ";" Bus: 78, 116  Renfe: Orcasitas ";"";"1";"http://www.madrid.es/vgn-ext-templating/v/index.jsp?vgnextchannel=9e4c43db40317010VgnVCM100000dc0ca8c0RCRD&vgnextoid=8b9a1e79ee71c010VgnVCM1000000b205a0aRCRD";"PUEBLO";"PLAZA";"V";"2";"";"";"";"";"MADRID";"MADRID";"28041";"ORCASUR";"USERA";"440582";"4468910";"40.366768324753416";"-3.701141063083806";"913 188 090";"";"ccorcasur@madrid.es";"/contenido/entidadesYorganismos/CentrosCulturales"; 
1952;"Centro Cultural Príncipe de Asturias (Ciudad Lineal)";"";" Secretaría: de lunes a viernes de 9 a 14 y de 17 a 19 horas ";"  Sala de Exposiciones  Salón de actos / auditorio  3 aulas  ";" Metro: Ciudad Lineal (línea 5)  Bus: 4, 38, 48, 70, 105. ";"";"1";"http://www.madrid.es/vgn-ext-templating/v/index.jsp?vgnextchannel=9e4c43db40317010VgnVCM100000dc0ca8c0RCRD&vgnextoid=d1ca1e79ee71c010VgnVCM1000000b205a0aRCRD";"HERMANOS GARCIA NOBLEJAS";"CALLE";"V";"14";"";"";"";"";"MADRID";"MADRID";"28037";"PUEBLO NUEVO";"CIUDAD LINEAL";"446054";"4476600";"40.43641736294729";"-3.637346971302506";"915 887 564                  
";"";"ccprincipeasturias@madrid.es";"/contenido/entidadesYorganismos/CentrosCulturales"; 
1920;"Centro Cultural Puerta de Toledo (Centro)";"";"Secretaría: de lunes a viernes de 10 a 14 horas y de 16 a 18 horas.";"  Salón de actos / auditorio  Sala de ensayo  4 aulas  ";" Metro: Puerta de Toledo (línea 5).  Bus: 3, 17, 18, 23, 35, 41, 60, 148. ";"";"0";"http://www.madrid.es/vgn-ext-templating/v/index.jsp?vgnextchannel=9e4c43db40317010VgnVCM100000dc0ca8c0RCRD&vgnextoid=28ea1e79ee71c010VgnVCM1000000b205a0aRCRD";"GRAN VIA DE SAN FRANCISCO";"AVENIDA";"V";"2";"";"";"";"";"MADRID";"MADRID";"28005";"PALACIO";"CENTRO";"439702";"4473428";"40.40740543796818";"-3.711933678585093";"913 662 728";"";"ccptoledo@madrid.es";"/contenido/entidadesYorganismos/CentrosCulturales"; 
114978;"Centro Cultural Quinta del Berro (Salamanca)";"";"  Secretaría:  de lunes a jueves de 9 a 14 y de 16 a 18 horas. Viernes de 9 a 14 horas. ";"  Sala de exposiciones  Sala de lectura y estudio  Salón de actos / auditorio  Sala de ensayo  4 aulas  ";"Bus: 15 , 28 , 71";"";"1";"http://www.madrid.es/vgn-ext-templating/v/index.jsp?vgnextchannel=9e4c43db40317010VgnVCM100000dc0ca8c0RCRD&vgnextoid=bcc7cbf06c81c010VgnVCM1000000b205a0aRCRD";"ENRIQUE D'ALMONTE";"CALLE";"V";"1";"";"";"";"";"MADRID";"MADRID";"28028";"FUENTE DEL BERRO";"SALAMANCA";"443869";"4475023";"40.42206601994432";"-3.662968075865235";"915 570 807 ";"";"quintaberro@madrid.es";"/contenido/entidadesYorganismos/CentrosCulturales"; 
1935;"Centro Cultural San Fermín (Usera)";"    CENTRO CULTURAL - SAN FERMÍN                                 Instalación accesible   SI / NO        Equipamientos / Servicios  SI  NO  N&ordm;    (accesibilidad certificada)                                     Sala de exposiciones     x       Horario              Sala de lectura y estudio     x       (de Secretaría para atención al público)        Salón de actos / Auditorio     x       10 a 13,30 horas y 17 a 20 horas     Salas de ensayo     x                      Aulas  x     6    Dirección              Cafetería     x       C/ Estafeta S/N                                                Teléfonos                            91,792,01,11                                                Correo electrónico                             medinaemc@madrid.es                                                    Foto (solo los que no tengan en www.madrid.es)                   ";" Secretaría: de lunes a viernes de 10 a 13:30 y de 17 a 20 horas. ";"  6 aulas  ";" Metro: Hospital 12 de Octubre (línea 3)  Bus: 23, 78, 123 ";"";"1";"http://www.madrid.es/vgn-ext-templating/v/index.jsp?vgnextchannel=9e4c43db40317010VgnVCM100000dc0ca8c0RCRD&vgnextoid=1b5b1e79ee71c010VgnVCM1000000b205a0aRCRD";"ESTAFETA";"CALLE";"V";"33";"";"";"";"";"MADRID";"MADRID";"28041";"SAN FERMIN";"USERA";"441357";"4469445";"40.37164288657417";"-3.6920627827867514";"917 920 111";"";"medinaemc@madrid.es";"/contenido/entidadesYorganismos/CentrosCulturales"; 
4703422;"Centro Cultural San Francisco La Prensa (Carabanchel)";"";" Secretaría: de lunes a viernes de 9 a 14 y de 16 a 19 horas. ";"  Sala de exposiciones  Sala de lectura y estudio  Salón de actos / auditorio  8 aulas   2 gimnasios   Cafetería   ";" Bus: 47, 108, 118 ";"";"1";"http://www.madrid.es/vgn-ext-templating/v/index.jsp?vgnextchannel=9e4c43db40317010VgnVCM100000dc0ca8c0RCRD&vgnextoid=5787e842ec9a6110VgnVCM1000000b205a0aRCRD";"ALISEDA";"CALLE";"V";"4";"";"";"";"";"MADRID";"MADRID";"28025";"PUERTA BONITA";"CARABANCHEL";"437153";"4470063";"40.37690319217392";"-3.741639735552097";"914 284 911   
";"";"ccsanfrancisco@act-educo.com";"/contenido/entidadesYorganismos/CentrosCulturales"; 
43311;"Centro Cultural San José de Calasanz (Latina)";"";" Secretaría: de lunes a viernes de 9 a 14:30 horas y de 16:30 a 18:30 horas.  ";"  Sala de exposiciones  2 salas de lectura y estudio  Salón de actos / auditorio  8 aulas  ";"Bus: 119, 138 ";"En la misma sede está ubicada la Sala de Estudio San José de Calasanz. ";"0";"http://www.madrid.es/vgn-ext-templating/v/index.jsp?vgnextchannel=9e4c43db40317010VgnVCM100000dc0ca8c0RCRD&vgnextoid=2bae598d1351c010VgnVCM1000000b205a0aRCRD";"MARIA DEL CARMEN";"CALLE";"V";"65";"";"";"";"";"MADRID";"MADRID";"28011";"PUERTA DEL ANGEL";"LATINA";"437939";"4473339";"40.40647389284976";"-3.7327010920242043";"914 649 304";"";"cccalasanz@madrid.es";"/contenido/entidadesYorganismos/CentrosCulturales"; 
1958;"Centro Cultural San Juan Bautista (Ciudad Lineal)";"";" Secretaría: de lunes a viernes de 9 a 14 horas y de 17 a 19 horas ";"  Sala de exposiciones  Sala de lectura y estudio   Salón de actos / auditorio   8 aulas  Cafetería  ";" Metro: Avenida de la Paz (línea 4)  Bus: 11, 53, 70, 122 ";"";"1";"http://www.madrid.es/vgn-ext-templating/v/index.jsp?vgnextchannel=9e4c43db40317010VgnVCM100000dc0ca8c0RCRD&vgnextoid=618b1e79ee71c010VgnVCM1000000b205a0aRCRD";"SAN NEMESIO";"CALLE";"V";"4";"";"";"";"";"MADRID";"MADRID";"28043";"SAN JUAN BAUTISTA";"CIUDAD LINEAL";"444312";"4478369";"40.45225632102225";"-3.6580521091902645";"914 157 705";"";"ccsanjuanbautista@madrid.es";"/contenido/entidadesYorganismos/CentrosCulturales"; 
6018014;"Centro Cultural Sanchinarro (Hortaleza)";"";"Secretaría: de lunes a viernes de 9 a 14 y de 17 a 19 horas.";"  2 salas de exposiciones  Sala de lectura y estudio  Salón de actos / auditorio  14 aulas  ";" Bus: 172, 173, 174 ";"";"1";"http://www.madrid.es/vgn-ext-templating/v/index.jsp?vgnextchannel=9e4c43db40317010VgnVCM100000dc0ca8c0RCRD&vgnextoid=12eb70618510f210VgnVCM1000000b205a0aRCRD";"PRINCESA DE EBOLI";"CALLE";"V";"29";"";"";"";"C/V Conde de Mayalde";"MADRID";"MADRID";"28050";"VALDEFUENTES";"HORTALEZA";"444579";"4482598";"40.49035310157377";"-3.655261744717257";"915 000 603";"";"info@centroculturalsanchinarro.com";"/contenido/entidadesYorganismos/CentrosCulturales"; 
1971;"Centro Cultural Teresa de Calcuta (Barajas)";"";" Secretaría: de lunes a viernes de 10 a 14 y de 16 a 19 horas. ";"  Sala de exposiciones  Sala de lectura y estudio, con 60 puestos  11 aulas  ";" Metro: Alameda de Osuna (línea 5)  Bus: 101, 112, 114, 115, 151 ";"";"1";"http://www.madrid.es/vgn-ext-templating/v/index.jsp?vgnextchannel=9e4c43db40317010VgnVCM100000dc0ca8c0RCRD&vgnextoid=f50e1e79ee71c010VgnVCM1000000b205a0aRCRD";"NAVIO";"PLAZA";"V";"4";"";"";"";"";"MADRID";"MADRID";"28042";"ALAMEDA DE OSUNA";"BARAJAS";"450284";"4478668";"40.45531140556268";"-3.587638001688095";"913 291 226 ";"";"ariasca@madrid.es";"/contenido/entidadesYorganismos/CentrosCulturales"; 
1994;"Centro Cultural Usera 1";"";" Secretaría: de lunes a viernes de 9 a 14 y de 17 a 20 horas. ";" 5 aulas ";" Metro: Plaza Elíptica (línea 6)  Bus: 6, 60, 81 ";"";"1";"http://www.madrid.es/vgn-ext-templating/v/index.jsp?vgnextchannel=9e4c43db40317010VgnVCM100000dc0ca8c0RCRD&vgnextoid=54fb1e79ee71c010VgnVCM1000000b205a0aRCRD";"RAFAELA YBARRA";"AVENIDA";"V";"49";"";"";"";"";"MADRID";"MADRID";"28026";"PRADOLONGO";"USERA";"439760";"4470507";"40.381095838993176";"-3.710973351109332";"915 887 214 (Información)     
";"";"ccusera@madrid.es";"/contenido/entidadesYorganismos/CentrosCulturales"; 
7416137;"Centro Cultural Usera 2";"";" Secretaría: de lunes a viernes de 9 a 14 y de 17 a 20 horas. ";" 3 aulas ";" Bus: 6, 47, 247 ";"";"0";"http://www.madrid.es/vgn-ext-templating/v/index.jsp?vgnextchannel=9e4c43db40317010VgnVCM100000dc0ca8c0RCRD&vgnextoid=3cadb2cffdc15410VgnVCM1000000b205a0aRCRD";"FELIPE CASTRO";"CALLE";"V";"30";"";"";"";"";"MADRID";"MADRID";"28026";"PRADOLONGO";"USERA";"439923";"4470861";"40.38429664257218";"-3.7090866533057723";"915 887 214       
";"";"ccusera@madrid.es";"/contenido/entidadesYorganismos/CentrosCulturales"; 
123948;"Centro Cultural Valdebernardo (Vicálvaro)";"";"Secretaría: de lunes a viernes de 9 a 14 horas.";"  Sala de exposiciones  2 salas de lectura y estudio  Salón de actos / auditorio  2 salas de ensayo  14 aulas  ";" Metro: Valdebernardo (línea 9)  Bus: 8, 71, 130 ";"";"1";"http://www.madrid.es/vgn-ext-templating/v/index.jsp?vgnextchannel=9e4c43db40317010VgnVCM100000dc0ca8c0RCRD&vgnextoid=69188899fc81c010VgnVCM1000000b205a0aRCRD";"INDALECIO PRIETO";"BULEVAR";"V";"21";"";"";"";"";"MADRID";"MADRID";"28032";"CASCO H.VICALVARO";"VICALVARO";"447388";"4472529";"40.39982891410407";"-3.621281890570377";"913 016 460 ";"";"ccvaldebernardo@madrid.es";"/contenido/entidadesYorganismos/CentrosCulturales"; 
1908;"Centro Cultural Valverde (Fuencarral - El Pardo)";"";" Secretaría: de lunes a viernes de 9:30 a 13:30 y de 16:30 a 19 horas. ";"  Sala de exposiciones  Salón de actos / auditorio  6 aulas  ";" Metro: Fuencarral (línea 10)  Bus: 66, 137  ";"";"1";"http://www.madrid.es/vgn-ext-templating/v/index.jsp?vgnextchannel=9e4c43db40317010VgnVCM100000dc0ca8c0RCRD&vgnextoid=f04c1e79ee71c010VgnVCM1000000b205a0aRCRD";"ISLAS AZORES";"PLAZA";"V";"1";"";"";"";"";"MADRID";"MADRID";"28034";"VALVERDE";"FUENCARRAL-EL PARDO";"441808";"4483140";"40.49504564211655";"-3.6880070256093758";"917 364 760                         
";"";"ccvalverde@madrid.es";"/contenido/entidadesYorganismos/CentrosCulturales"; 
1914;"Centro Cultural Villa de Barajas";"";" Secretaría: de lunes a viernes de 10 a 14 y de 16 a 19 horas. ";"  4 salas de exposiciones  Salón de actos / auditorio   14 aulas   ";" Metro: Barajas (línea 8)  Bus: 101, 105, 115 ";"";"1";"http://www.madrid.es/vgn-ext-templating/v/index.jsp?vgnextchannel=9e4c43db40317010VgnVCM100000dc0ca8c0RCRD&vgnextoid=476c1e79ee71c010VgnVCM1000000b205a0aRCRD";"BOTICA";"CALLE";"V";"10 - 7";"";"";"";"";"MADRID";"MADRID";"28042";"CASCO H.BARAJAS";"BARAJAS";"451070";"4480671";"40.473402418562216";"-3.5785233191070316";"913 291 803 / 913 291 676";"";"fernandeztmc@madrid.es";"/contenido/entidadesYorganismos/CentrosCulturales"; 
1980;"Centro Cultural Zazuar (Villa de Vallecas)";"";" Secretaría: de lunes a viernes de 9 a 14 horas y de 17 a 20 horas ";"  Salón de actos / auditorio  6 aulas  ";" Bus: 58, 63, 145 ";"";"0";"http://www.madrid.es/vgn-ext-templating/v/index.jsp?vgnextchannel=9e4c43db40317010VgnVCM100000dc0ca8c0RCRD&vgnextoid=9d8c1e79ee71c010VgnVCM1000000b205a0aRCRD";"ZAZUAR";"CALLE";"V";"4";"";"";"";"";"MADRID";"MADRID";"28031";"SANTA EUGENIA";"VILLA DE VALLECAS";"448657";"4470636";"40.382854849033386";"-3.606175726625568";"913 322 529";"";"cczazuar@madrid.es";"/contenido/entidadesYorganismos/CentrosCulturales"; 
4703662;"Centro Juvenil Carabanchel Alto";"";" Secretaría: miércoles y jueves de 12 a 15 horas. De lunes a viernes de 16 a 21 horas.  Agosto: cerrado ";"  Salas polivalentes   Puntos de acceso a Internet  Wifi gratuito  Oficina de Información Juvenil  ";" Metro: La Peseta (línea 11).  Bus: 34, 35, 47 ";"";"1";"http://www.madrid.es/vgn-ext-templating/v/index.jsp?vgnextchannel=9e4c43db40317010VgnVCM100000dc0ca8c0RCRD&vgnextoid=2565d2d6fe9a6110VgnVCM1000000b205a0aRCRD";"ALFONSO FERNANDEZ";"CALLE";"V";"23";"";"";"";"";"MADRID";"MADRID";"28044";"BUENAVISTA";"CARABANCHEL";"435983";"4468960";"40.36687767795312";"-3.7553103786178177";"915 118 980 / 981 / 982 / 914 006 417                                                    
                                                            
";"";"actividadescarabanchel@gmail.com";"/contenido/entidadesYorganismos/OficinasInformacionJuvenil"; 
146682;"Centro Juvenil El Aleph (Villa de Vallecas)";"   Información sobre las actividades     Correo :  actividadesaleph@gmail.com    Teléfono : 913 312 725   Horario de información : Jueves de 12 a 15 horas y de lunes a viernes de 16  a 21 horas.    ";" De lunes a domingo de 8,30  a 21,30 horas. Cerrado 25 de diciembre y 1 de enero.  Agosto cerrado ";"  Recursos permanentes     Sala polivalente  Puntos de acceso a Internet  Wifi gratuito  ";" Bus: 58 , 63 , 145  Renfe: Santa Eugenia ";" En la misma sede se encuentra la Oficina de información juvenil  ";"1";"http://www.madrid.es/vgn-ext-templating/v/index.jsp?vgnextchannel=9e4c43db40317010VgnVCM100000dc0ca8c0RCRD&vgnextoid=84869475d381c010VgnVCM1000000b205a0aRCRD";"ZAZUAR";"CALLE";"V";"1";"";"";"";"C/V. Avda. Mediterráneo";"MADRID";"MADRID";"28031";"SANTA EUGENIA";"VILLA DE VALLECAS";"448718";"4470605";"40.38257934400676";"-3.6054546139177392";"913 013 457";"";"cj7aleph@madrid.es";"/contenido/entidadesYorganismos/OficinasInformacionJuvenil"; 
190703;"Centro Juvenil El Pardo";"   Información sobre las actividades     Correo :  actividadeselpardo@gmail.com    Teléfono : 913 760 652   Horario de información : de miércoles a sábado de 16 a 20 horas.    ";" Miércoles de 16 a 21 horas, jueves de 16 a 21 horas, viernes de 12 a 15 horas y de 16 a 21 horas y sábados de 11 a 14 horas y de 16 a 20 horas (a partir del mes de abril 21 horas).  Agosto:    Mañanas: viernes y sábados de 12 a 15 horas   Tardes: miércoles, jueves, viernes, sábado de 16 a 20 horas  ";"  Recursos permanentes     Salas polivalentes  Puntos de acceso a Internet  Wifi gratuito  Oficina de Información Juvenil  ";"";"En la misma sede está ubicada la sala de estudio del Centro. ";"0";"http://www.madrid.es/vgn-ext-templating/v/index.jsp?vgnextchannel=9e4c43db40317010VgnVCM100000dc0ca8c0RCRD&vgnextoid=617ef50ad2a30110VgnVCM1000000b205a0aRCRD";"PADRE CIPRIANO";"AVENIDA";"V";"11";"";"";"";"";"MADRID";"MADRID";"28048";"EL PARDO";"FUENCARRAL-EL PARDO";"434160";"4485934";"40.51964199418355";"-3.778542672958104";"913 760 652";"";"cj3elpardo@madrid.es";"/contenido/entidadesYorganismos/OficinasInformacionJuvenil"; 
182139;"Centro Juvenil El Sitio de mi Recreo (Villa de Vallecas)";"   Información sobre las actividades     Correo :  actividadeselrecreo@gmail.com    Teléfono : 913 320 198   Horario de información : de lunes a viernes de 12 a 14 horas y de 16 a 21 horas.    ";" De lunes a domingo de 8,30 a 21,30 horas. Cerrado 25 diciembre y 1 de enero. ";"  Recursos permanentes     Sala polivalente  Sala exposiciones   Teatro/Auditorio   3 locales de ensayo   Puntos de acceso a Internet  Wifi gratuito  Oficina de Información Juvenil  ";" Metro: Villa de Vallecas  Bus: 58, 63, 142, 143  Renfe: Vallecas ";"";"1";"http://www.madrid.es/vgn-ext-templating/v/index.jsp?vgnextchannel=9e4c43db40317010VgnVCM100000dc0ca8c0RCRD&vgnextoid=9bd738d60b41c010VgnVCM2000000c205a0aRCRD";"REAL DE ARGANDA";"CALLE";"V";"39-41";"";"";"";"";"MADRID";"MADRID";"28031";"SANTA EUGENIA";"VILLA DE VALLECAS";"447744";"4470274";"40.37953682427198";"-3.616901585603186";"913 052 448";"";"cj6srecreo@madrid.es";"/contenido/entidadesYorganismos/OficinasInformacionJuvenil"; 
5396226;"Centro Juvenil Hontalbilla (Fuencarral - El Pardo)";"   Información sobre las actividades     Correo :  actividadeshontalbilla@gmail.com    Teléfono : 917 342 878   Horario de información : miércoles y jueves de 12,30 a 14 horas y de 16,30 a 20,30 horas    ";" De lunes a sábado de 9 a 14 horas y de 16 a 21 horas.  Agosto: sábados cerrado. ";"  Asesoría de salud joven   Asesoramiento gratuito dirigido a jóvenes sobre sexualidad, abuso de sustancias, alimentación y hábitos saludables, adorno corporal o cualquier otra pregunta sobre salud.   Recursos permanentes     Salas polivalentes  Puntos de acceso a Internet  Wifi gratuito  Oficina de Información Juvenil  ";" Metro: Fuencarral  Bus: 124 , 137 , 66  ";"";"1";"http://www.madrid.es/vgn-ext-templating/v/index.jsp?vgnextchannel=9e4c43db40317010VgnVCM100000dc0ca8c0RCRD&vgnextoid=afc93331c9ee2210VgnVCM2000000c205a0aRCRD";"HONTALBILLA";"CALLE";"V";"10";"";"";"";"";"MADRID";"MADRID";"28034";"VALVERDE";"FUENCARRAL-EL PARDO";"441583";"4482839";"40.49231828430878";"-3.6906342081203283";"917 364 378";"";"cj4hontalbilla@madrid.es";"/contenido/entidadesYorganismos/OficinasInformacionJuvenil"; 
4923522;"Centro Juvenil Tetuán Punto Joven";"   Información sobre las actividades     Correo :  tetuanpuntojoven@gmail.com    Teléfono : 915 347 744    ";"  Lunes de 17 a 20 horas.  Martes a sábado de 11 a 14 y de 16 a 20 horas.   Domingos y festivos: cerrado.  Agosto: cerrado.  ";"  Sala Polivalente  Punto de acceso a Internet.  Wifi gratuito  Oficina de Información Juvenil  ";" Metro: Cuatro Caminos , Nuevos Ministerios  Bus: 5 , 66 , 124 , 149 , C  Cercanías: Nuevos Ministerios ";"";"0";"http://www.madrid.es/vgn-ext-templating/v/index.jsp?vgnextchannel=9e4c43db40317010VgnVCM100000dc0ca8c0RCRD&vgnextoid=2f9e41aee5a2a110VgnVCM1000000b205a0aRCRD";"DULCINEA";"CALLE";"V";"4";"";"";"";"Acceso por Raimundo Fdez. Villaverde, 35";"MADRID";"MADRID";"28020";"CUATRO CAMINOS";"TETUAN";"440760";"4477837";"40.447199849232135";"-3.6998771920981004";"915 347 744";"";"cj1tetuan@madrid.es";"/contenido/entidadesYorganismos/OficinasInformacionJuvenil"; 
112637;"Centro Santiago Apostol (Hortaleza)";"   Servicios       Más información       &bull;&middot;          Titularidad   Público * Ayuntamiento de Madrid  ";"Secretaría: de lunes a viernes: de 9 a 14 y de 16:30 a 21 horas.";"  Sala de lectura y estudio.  Talleres y actividades para todas las edades.  Programa &quot;La Tarde más Joven&quot;  ";" Metro: Manoteras (línea 4).  Bus: 7, 9, 129. ";"";"1";"http://www.madrid.es/vgn-ext-templating/v/index.jsp?vgnextchannel=9e4c43db40317010VgnVCM100000dc0ca8c0RCRD&vgnextoid=38f415a11a81c010VgnVCM1000000b205a0aRCRD";"CARRION DE LOS CONDES";"CALLE";"V";"73";"";"";"";"";"MADRID";"MADRID";"28033";"APOSTOL SANTIAGO";"HORTALEZA";"444325";"4481016";"40.4760846979538";"-3.6581195337045274";"913 835 941";"";"";"/contenido/entidadesYorganismos/CentrosCulturales"; 
4568753;"Centro Social Polivalente de Vicálvaro";"";"De lunes a viernes de 9 a 21 horas";"  Sede del Consejo Territorial del distrito  Sede de la Mesa de Infancia y Adolescencia  Sede de la Mesa de Diálogo y la Convivencia  Punto de Agente de Igualdad  Sede del conjunto de actividades de Participación Ciudadana.    Dispone de 3 salas de reuniones, 13 despachos y 1 sala de exposición ";"Bus: 100, 130";"";"1";"http://www.madrid.es/vgn-ext-templating/v/index.jsp?vgnextchannel=9e4c43db40317010VgnVCM100000dc0ca8c0RCRD&vgnextoid=59c6ca957d152110VgnVCM1000000b205a0aRCRD";"REAL";"AVENIDA";"V";"12 y 14";"";"";"";"y 14";"MADRID";"MADRID";"28032";"CASCO H.VICALVARO";"VICALVARO";"448599";"4472815";"40.40248118658274";"-3.6070352433899013";"917 602 468 (centralita)";"";"";"/contenido/entidadesYorganismos/CentrosCulturales"; 
56495;"Centro Sociocultural  Siena(Ciudad Lineal)";"";" Secretaría: de lunes a viernes de 9 a 14 horas y de 17 a 19 horas ";"  Sala de lectura y estudio.  Puestos de lectura: 35  3 aulas  ";" Metro: Quintana (línea 5) , Pueblo Nuevo (líneas 5 , 7).  Bus: 21, 38, 48, 109, 113, 146. ";"";"0";"http://www.madrid.es/vgn-ext-templating/v/index.jsp?vgnextchannel=9e4c43db40317010VgnVCM100000dc0ca8c0RCRD&vgnextoid=1114c2c6e051c010VgnVCM2000000c205a0aRCRD";"SIENA";"CALLE";"V";"52";"";"";"";"";"MADRID";"MADRID";"28027";"QUINTANA";"CIUDAD LINEAL";"444818";"4476248";"40.43316509927973";"-3.651888512249543";"914 039 011";"";"";"/contenido/entidadesYorganismos/CentrosCulturales"; 
1936;"Centro Sociocultural Alberto Sánchez (Puente de Vallecas)";"";" Secretaría: de lunes a viernes de 9 a 14 y de 17 a 19 horas. ";"  Sala de exposiciones   2 salones de actos / auditorio  Sala de ensayo  9 aulas  ";" Metro: Portazgo (línea 1)  Bus: 54, 58, 103, 136, 141, 143 ";"";"1";"http://www.madrid.es/vgn-ext-templating/v/index.jsp?vgnextchannel=9e4c43db40317010VgnVCM100000dc0ca8c0RCRD&vgnextoid=20a43d0b5e71c010VgnVCM1000000b205a0aRCRD";"RISCO DE PELOCHE";"CALLE";"V";"14";"";"";"";"";"MADRID";"MADRID";"28038";"NUMANCIA";"PUENTE DE VALLECAS";"444469";"4471860";"40.39361223662187";"-3.655619169101217";"917 570 320 / 917 570 321 / 917 570 822";"";"";"/contenido/entidadesYorganismos/CentrosCulturales"; 
1974;"Centro Sociocultural Aula de Aire Libre (Puente de Vallecas)";"";" Secretaría: de lunes a viernes de 9 a 14 y de 17 a 19 horas. ";"";"Bus: 24, 57, 103, 111, 310";"";"1";"http://www.madrid.es/vgn-ext-templating/v/index.jsp?vgnextchannel=9e4c43db40317010VgnVCM100000dc0ca8c0RCRD&vgnextoid=314e1e79ee71c010VgnVCM1000000b205a0aRCRD";"SIERRA CARBONERA";"CALLE";"V";"74";"";"";"";"";"MADRID";"MADRID";"28053";"SAN DIEGO";"PUENTE DE VALLECAS";"443641";"4471476";"40.39009721512908";"-3.6653408453804612";"917 570 189 / 917 570 241";"";"aalibrepvallecas@madrid.es";"/contenido/entidadesYorganismos/CentrosCulturales"; 
1927;"Centro Sociocultural Blasco Ibáñez (Carabanchel)";"";"Secretaría: de lunes a viernes de 10 a 13 horas y de lunes a jueves de 16:30 a 18:30 horas.";"  Sala de exposiciones  Sala de lectura y estudio  Salón de actos / auditorio  5 aulas  2 gimnasios  ";" Bus: 17, 25, 119 ";"";"0";"http://www.madrid.es/vgn-ext-templating/v/index.jsp?vgnextchannel=9e4c43db40317010VgnVCM100000dc0ca8c0RCRD&vgnextoid=fb453d0b5e71c010VgnVCM1000000b205a0aRCRD";"SOLDADO JOSE MARIA REY";"CALLE";"V";"44";"";"";"";"";"MADRID";"MADRID";"28019";"SAN ISIDRO";"CARABANCHEL";"437927";"4472060";"40.3949515763892";"-3.7326586599735307";"914 280 554 / 914 280 555";"";"ccblascoibanez@madrid.es";"/contenido/entidadesYorganismos/CentrosCulturales"; 
1949;"Centro Sociocultural Bohemios (Villaverde)";"";" Secretaría: de lunes a viernes de 9 a 13:30 y de 17 a 19 horas. ";"  Sala de exposiciones  Salón de actos / auditorio  7 aulas  Cafetería  ";" Bus: 22 , 59 , 79 , 85 ";"";"1";"http://www.madrid.es/vgn-ext-templating/v/index.jsp?vgnextchannel=9e4c43db40317010VgnVCM100000dc0ca8c0RCRD&vgnextoid=42753d0b5e71c010VgnVCM1000000b205a0aRCRD";"LOS BOHEMIOS";"CALLE";"V";"1";"";"";"";"";"MADRID";"MADRID";"28041";"LOS ANGELES";"VILLAVERDE";"441175";"4467754";"40.35639654251886";"-3.6940501846610894";"917 109 260 ";"";"ccbohemios@madrid.es";"/contenido/entidadesYorganismos/CentrosCulturales"; 
1967;"Centro Sociocultural Ciudad Lineal";"";" Secretaría: de lunes a viernes de 9 a 14 horas y de 17 a 19 horas ";"  Sala de lectura y estudio  6 aulas  ";" Bus: 110 , 113 , 210 ";"";"0";"http://www.madrid.es/vgn-ext-templating/v/index.jsp?vgnextchannel=9e4c43db40317010VgnVCM100000dc0ca8c0RCRD&vgnextoid=16f81e79ee71c010VgnVCM1000000b205a0aRCRD";"JOSE LUIS DE ARRESE";"CALLE";"V";"81";"";"";"";"";"MADRID";"MADRID";"28017";"VENTAS";"CIUDAD LINEAL";"444828";"4475105";"40.422868990544636";"-3.651671226242968";"914 055 840             
";"";"";"/contenido/entidadesYorganismos/CentrosCulturales"; 
1912;"Centro Sociocultural Clara del Rey (Centro)";"";"Secretaría: de lunes a viernes de 9 a 14 y de 17 a 19 horas.";"  5 aulas  Gimnasio  ";" Metro: Noviciado (línea 2).  Bus: 3, 147. ";"";"0";"http://www.madrid.es/vgn-ext-templating/v/index.jsp?vgnextchannel=9e4c43db40317010VgnVCM100000dc0ca8c0RCRD&vgnextoid=1e163d0b5e71c010VgnVCM1000000b205a0aRCRD";"PALMA";"CALLE";"V";"36";"";"";"";"";"MADRID";"MADRID";"28004";"UNIVERSIDAD";"CENTRO";"440311";"4475538";"40.42645727541646";"-3.704955239548958";"915 222 823 / 915 324 171";"";"ccclararey@madrid.es";"/contenido/entidadesYorganismos/CentrosCulturales"; 
118935;"Centro Sociocultural Cánovas del Castillo (Usera)";"";" Secretaría: de lunes a viernes de 9 a 14 y de 17 a 20 horas. ";"  Sala de exposiciones   Sala de lectura y estudio  5 aulas  ";" Metro: Almendrales (línea 3)  Bus: 6, 23, 47, 78, 123, 247 ";"";"1";"http://www.madrid.es/vgn-ext-templating/v/index.jsp?vgnextchannel=9e4c43db40317010VgnVCM100000dc0ca8c0RCRD&vgnextoid=1087cbf06c81c010VgnVCM1000000b205a0aRCRD";"JULIO AGUIRRE";"CALLE";"V";"10-12";"";"";"";"";"MADRID";"MADRID";"28026";"ALMENDRALES";"USERA";"440689";"4471073";"40.38626143332092";"-3.7000825227295007";"915 005 489";"";"vidalnc@madrid.es";"/contenido/entidadesYorganismos/CentrosCulturales"; 
1941;"Centro Sociocultural Eduardo Chillida (Moratalaz)";"";" Secretaría: de lunes a viernes de 9 a 13:30 y de 16 a 17:30 horas. ";"  Sala de exposiciones  10 aulas  Sala de conferencias  ";" Metro: Vinateros (línea 9)  Bus: 30, 32, 71, 113 ";"";"0";"http://www.madrid.es/vgn-ext-templating/v/index.jsp?vgnextchannel=9e4c43db40317010VgnVCM100000dc0ca8c0RCRD&vgnextoid=01963d0b5e71c010VgnVCM1000000b205a0aRCRD";"ARROYO BELINCOSO";"CALLE";"V";"9";"";"";"";"";"MADRID";"MADRID";"28030";"MEDIA LEGUA";"MORATALAZ";"444686";"4473610";"40.40939173676513";"-3.653214777359331";"913 339 141 / 913 339 142";"913 339 143";"ccechillida@madrid.es";"/contenido/entidadesYorganismos/CentrosCulturales"; 
26904;"Centro Sociocultural el Greco (Latina)";"";" Secretaría: de lunes a viernes de 9.30 a 14:30 horas y de 16:30 a 19 horas  ";"  Sala de exposiciones   Sala de lectura y estudio   Salón de actos / auditorio  5 aulas  Cafetería  ";" Metro: Lucero (línea 6)  Bus: 31, 33, 36, 39, 65 ";"";"1";"http://www.madrid.es/vgn-ext-templating/v/index.jsp?vgnextchannel=9e4c43db40317010VgnVCM100000dc0ca8c0RCRD&vgnextoid=cae2b3e42751c010VgnVCM2000000c205a0aRCRD";"EL GRECO";"CALLE";"V";"29";"";"";"";"";"MADRID";"MADRID";"28011";"LUCERO";"LATINA";"436687";"4473443";"40.407316328180464";"-3.747465416906973";"914 793 261 / 914 793 150";"";"ccgreco@madrid.es";"/contenido/entidadesYorganismos/CentrosCulturales"; 
1944;"Centro Sociocultural Francisco Fatou (Villa de Vallecas)";"";" Secretaría: de lunes a viernes de 9 a 14 horas y de 17 a 20 horas. ";"  Sala de exposiciones   Salón de actos / auditorio  5 aulas  ";" Metro: Villa de Vallecas (línea 1)  Bus: 54, 58, 103, 142, 143 ";"";"1";"http://www.madrid.es/vgn-ext-templating/v/index.jsp?vgnextchannel=9e4c43db40317010VgnVCM100000dc0ca8c0RCRD&vgnextoid=d9e73d0b5e71c010VgnVCM1000000b205a0aRCRD";"MANUEL VELEZ";"CALLE";"V";"10";"";"";"";"";"MADRID";"MADRID";"28031";"CASCO H.VALLECAS";"VILLA DE VALLECAS";"447216";"4470283";"40.379584554687334";"-3.6231221291844182";"913 806 620            
";"";"ccfranciscofatou@madrid.es";"/contenido/entidadesYorganismos/CentrosCulturales"; 
1926;"Centro Sociocultural García Lorca (Carabanchel)";"";" Secretaría: de lunes a viernes de 10 a 13 horas y de 16:30 a 18:30 horas.  ";"  Salón de actos / auditorio  7 aulas  3 gimnasios  ";" Metro: Carabanchel Alto (línea 11).  Bus: 34, 35, 47, 121, 131, 139 ";"";"1";"http://www.madrid.es/vgn-ext-templating/v/index.jsp?vgnextchannel=9e4c43db40317010VgnVCM100000dc0ca8c0RCRD&vgnextoid=e6773d0b5e71c010VgnVCM1000000b205a0aRCRD";"EUGENIA DE MONTIJO";"CALLE";"V";"105";"";"";"";"";"MADRID";"MADRID";"28044";"BUENAVISTA";"CARABANCHEL";"436352";"4469770";"40.37420282360522";"-3.7510455236535925";"915 110 370          
";"";"ccgarcialorca@madrid.es";"/contenido/entidadesYorganismos/CentrosCulturales"; 
1947;"Centro Sociocultural José Espronceda (Tetuán)";"";" Secretaría: de lunes a jueves de 9:30 a 13:30 y de 17 a 18:30 horas. Viernes de 9:30 a 13:30 horas.  ";"  Salón de actos / auditorio  7 aulas  ";" Metro: Cuatro Caminos (líneas 1, 2, 6)  Bus: 3, 64, 66, 124, 128, 149 ";"Sobre accesibilidad: el edifico fue construido en el año 1986. Se corresponde con el proyecto inicial del edificio, debiendo cumplir en su día con la normativa existente al respecto.";"1";"http://www.madrid.es/vgn-ext-templating/v/index.jsp?vgnextchannel=9e4c43db40317010VgnVCM100000dc0ca8c0RCRD&vgnextoid=23881e79ee71c010VgnVCM1000000b205a0aRCRD";"ALMANSA";"CALLE";"V";"9";"";"";"";"";"MADRID";"MADRID";"28039";"BELLAS VISTAS";"TETUAN";"440367";"4477999";"40.44863106357685";"-3.7045265016586013";"915 536 160  / 915 536 480         
";"";"cscjespronceda@madrid.es";"/contenido/entidadesYorganismos/CentrosCulturales"; 
6080683;"Centro Sociocultural Juvenil Ciudad Lineal";"";" Secretaría: de lunes a viernes de 9 a 14 horas y de 17 a 19 horas ";"  Sala de ensayo   2 aulas  ";" Metro: La Elipa (línea 2).  Bus: 15, 28, 110, 113, 210. ";"";"1";"http://www.madrid.es/vgn-ext-templating/v/index.jsp?vgnextchannel=9e4c43db40317010VgnVCM100000dc0ca8c0RCRD&vgnextoid=aa306f6bbd020310VgnVCM2000000c205a0aRCRD";"MARIA TERESA SAENZ DE HEREDIA";"CALLE";"V";"50";"";"";"";"";"MADRID";"MADRID";"28017";"VENTAS";"CIUDAD LINEAL";"444919";"4475425";"40.42575777049811";"-3.650626348237379";"913 260 952";"";"";"/contenido/entidadesYorganismos/CentrosCulturales"; 
124354;"Centro Sociocultural Juvenil Moratalaz";"";" Secretaría: de lunes a viernes de 9:30 a 13:30 y de 16 a 17:30 horas. ";"  Sala de exposiciones  Sala de lectura y estudio  5 aulas  ";" Metro: Pavones (línea 9)  Bus: 30, 71, 142, 144 ";" En la misma sede se encuentra la Oficina de información juvenil  ";"0";"http://www.madrid.es/vgn-ext-templating/v/index.jsp?vgnextchannel=9e4c43db40317010VgnVCM100000dc0ca8c0RCRD&vgnextoid=bf388899fc81c010VgnVCM1000000b205a0aRCRD";"FUENTE CARRANTONA";"CALLE";"V";"10";"";"";"";"";"MADRID";"MADRID";"28030";"PAVONES";"MORATALAZ";"446083";"4472471";"40.399222766804556";"-3.6366543437448824";"915 887 435 / 915 880 459";"";"ccjmoratalaz@madrid.es";"/contenido/entidadesYorganismos/CentrosCulturales"; 
102131;"Centro Sociocultural Latina";"";" Secretaría: de lunes a viernes de 9 a 14:30 horas y de 16:30 a 18:30 horas ";"  1 sala de lectura  6 aulas  ";"Bus: 17, 117, 155";"  En la misma sede:    Oficina de información juvenil   Sala de Estudio Latina   ";"0";"http://www.madrid.es/vgn-ext-templating/v/index.jsp?vgnextchannel=9e4c43db40317010VgnVCM100000dc0ca8c0RCRD&vgnextoid=a4ed8899fc81c010VgnVCM1000000b205a0aRCRD";"RODRIGO DE ARANA";"CALLE";"V";"50";"";"";"";"";"MADRID";"MADRID";"28044";"LAS AGUILAS";"LATINA";"435092";"4470384";"40.3796366471018";"-3.7659492448759053";"915 095 470 / 471     
";"";"juvenlatina@madrid.es";"/contenido/entidadesYorganismos/CentrosCulturales"; 
1918;"Centro Sociocultural Lavapiés (Centro)";"";"Secretaría: de lunes a viernes de 9 a 14 y de 17 a 19 horas (de octubre a junio)";"  Salón de actos / auditorio  Sala de ensayo  8 aulas  ";" Metro: Lavapiés (línea 3).  Bus: M1 ";"";"0";"http://www.madrid.es/vgn-ext-templating/v/index.jsp?vgnextchannel=9e4c43db40317010VgnVCM100000dc0ca8c0RCRD&vgnextoid=5f891e79ee71c010VgnVCM1000000b205a0aRCRD";"OLIVAR";"CALLE";"V";"46";"";"";"";"";"MADRID";"MADRID";"28012";"EMBAJADORES";"CENTRO";"440583";"4473672";"40.40966697102759";"-3.701574291636879";"915 060 712 / 915 060 775";"";"cclavapies@madrid.es";"/contenido/entidadesYorganismos/CentrosCulturales"; 
1961;"Centro Sociocultural Luis Gonzaga (Chamartín)";"";" Secretaría: de lunes a viernes de 9:30 a 13:30 y de 16:30 a 18:30 horas. ";"  Sala de lectura y estudio  7 aulas  ";" Metro: Cruz del Rayo (línea 9)  Bus: 1, 29, 52 ";" En la misma sede se encuentra la Oficina de información juvenil. ";"1";"http://www.madrid.es/vgn-ext-templating/v/index.jsp?vgnextchannel=9e4c43db40317010VgnVCM100000dc0ca8c0RCRD&vgnextoid=ba8b3d232e91f010VgnVCM1000000b205a0aRCRD";"PRINCIPE DE VERGARA";"CALLE";"V";"142";"";"";"";"";"MADRID";"MADRID";"28002";"CIUDAD JARDIN";"CHAMARTIN";"442605";"4477567";"40.44489723228663";"-3.6780972922453685";"915 886 596";"";"juvenlgonzaga@madrid.es";"/contenido/entidadesYorganismos/CentrosCulturales"; 
1909;"Centro Sociocultural Maestro Alonso (Salamanca)";"";" Secretaría: de lunes a jueves de 9 a 14 y de 16 a 19 horas. Viernes de 9 a 14 y de 15 a 17 horas.  ";"  Sala de exposiciones (h all  de entrada de la planta baja y de la 1&ordf; planta)   Sala de lectura y estudio  Salón de actos / auditorio  9 salas de ensayo  14 aulas  Cafetería  ";" Metro: Ventas (líneas 2 , 5)  Bus: 12, 21, 38, 53, 106, 110, 146 ";"";"1";"http://www.madrid.es/vgn-ext-templating/v/index.jsp?vgnextchannel=9e4c43db40317010VgnVCM100000dc0ca8c0RCRD&vgnextoid=783f1e79ee71c010VgnVCM1000000b205a0aRCRD";"MAESTRO ALONSO";"CALLE";"V";"6";"";"";"";"";"MADRID";"MADRID";"28028";"FUENTE DEL BERRO";"SALAMANCA";"443715";"4475837";"40.42938854032785";"-3.664855511110751";"917 268 800 / 913 560 806 / 913 560 807";"";"ccmaestroalonso@tritoma.es";"/contenido/entidadesYorganismos/CentrosCulturales"; 
170066;"Centro Sociocultural Marconi (Villaverde)";"";"Secretaría: de lunes a jueves de 9:30 a 13:30 y de 16:30 a 19:30 y viernes de 9:30 a 13:30 horas.";"  Sala de exposiciones  Sala de lectura y estudio  3 aulas  Cafetería  ";" Bus: 79   Renfe: San Cristóbal Industrial ";"";"1";"http://www.madrid.es/vgn-ext-templating/v/index.jsp?vgnextchannel=9e4c43db40317010VgnVCM100000dc0ca8c0RCRD&vgnextoid=6cb0085f5181c010VgnVCM1000000b205a0aRCRD";"COLONIA MARCONI";"ACCESO";"V";"4";"";"";"";"calle Eustaquio 25 (frente a fachada)";"MADRID";"MADRID";"28021";"SAN ANDRES";"VILLAVERDE";"440582";"4465356";"40.334751832113774";"-3.700809560921597";"917 100 232";"";"ccmarconi@madrid.es";"/contenido/entidadesYorganismos/CentrosCulturales"; 
1970;"Centro Sociocultural Miguel de Cervantes (San Blas - Canillejas)";"    CENTRO CULTURAL -MIGUEL DE CERVANTES                                 Instalación accesible   NO certificada        Equipamientos / Servicios  SI  NO  N&ordm;    (accesibilidad certificada)                                     Sala de exposiciones  X     1    Horario              Sala de lectura y estudio  X     2    (de Secretaría para atención al público)        Salón de actos / Auditorio  X     1    10 A 13:45 H  Y DE 16:30 A 18:30 H     Salas de ensayo     X                      Aulas  X     3    Dirección              Cafetería     X       C/ Aliaga, 5                                                Teléfonos                            917430078                                                Correo electrónico                             ccmcervantes@madrid.es                                                    Foto (solo los que no tengan en www.madrid.es)                   ";" Secretaría: de lunes a viernes de 10 a 13:45 y de 16:30 a 18:30 horas.  ";"  Sala de exposiciones  2 salas de lectura y estudio  Salón de actos / auditorio  3 aulas  ";" Bus: 28, 38, 48, 140 ";"";"0";"http://www.madrid.es/vgn-ext-templating/v/index.jsp?vgnextchannel=9e4c43db40317010VgnVCM100000dc0ca8c0RCRD&vgnextoid=24be1e79ee71c010VgnVCM1000000b205a0aRCRD";"ALIAGA";"CALLE";"V";"5";"";"";"";"";"MADRID";"MADRID";"28022";"CANILLEJAS";"SAN BLAS-CANILLEJAS";"448257";"4476610";"40.43664772541769";"-3.6113747604660045";"917 430 078";"";"ccmcervantes@madrid.es";"/contenido/entidadesYorganismos/CentrosCulturales"; 
5514552;"Centro Sociocultural Montecarmelo (Fuencarral - El Pardo)";"";" Secretaría: de lunes a jueves de 9 a 14 y de 16 a 18. Viernes de 9 a 14 horas. ";"  Sala de exposiciones  Sala de lectura y estudio  Salón de actos / auditorio  6 aulas  ";"Bus: 134 , 178";"";"1";"http://www.madrid.es/vgn-ext-templating/v/index.jsp?vgnextchannel=9e4c43db40317010VgnVCM100000dc0ca8c0RCRD&vgnextoid=30f2b51ae6295210VgnVCM2000000c205a0aRCRD";"M-607";"CARRETERA";"T";"Km. 1300";"";"";"";"";"MADRID";"MADRID";"28049";"EL GOLOSO";"FUENCARRAL-EL PARDO";"442001";"4485504";"40.51635495615339";"-3.685946562681175";"917 364 151 / 917 364 329";"";"ccmontecarmelo@madrid.es";"/contenido/entidadesYorganismos/CentrosCulturales"; 
1964;"Centro Sociocultural Oporto (Carabanchel)";"";" Secretaría: de lunes a viernes de 10 a 13 horas y de lunes a jueves de 16:30 a 18:30 horas. ";"  Sala de lectura y estudio  Salón de actos / auditorio  4 aulas  3 gimnasios  Cafetería  ";" Metro: Oporto (líneas 5,6) , Opañel (línea 6)  Bus: 55, 81, 108, 118, 247. ";"";"1";"http://www.madrid.es/vgn-ext-templating/v/index.jsp?vgnextchannel=9e4c43db40317010VgnVCM100000dc0ca8c0RCRD&vgnextoid=357a1e79ee71c010VgnVCM1000000b205a0aRCRD";"OPORTO";"AVENIDA";"V";"78";"";"";"";"";"MADRID";"MADRID";"28019";"OPAÑEL";"CARABANCHEL";"438340";"4471154";"40.386793167982184";"-3.7277750877519686";"914 603 801   / 914 603 912          
";"";"ccoporto@madrid.es";"/contenido/entidadesYorganismos/CentrosCulturales"; 
1924;"Centro Sociocultural Rafael de León (Fuencarral - El Pardo)";"";" Secretaría: de lunes a viernes de 9 a 14 y de 17 a 19 horas.  ";"  Salón de actos / auditorio  8 aulas  ";" Metro: Avenida de la Ilustración (línea 7)  Bus: 49 , 64 , 67 , 83 , 133 ";"";"1";"http://www.madrid.es/vgn-ext-templating/v/index.jsp?vgnextchannel=9e4c43db40317010VgnVCM100000dc0ca8c0RCRD&vgnextoid=7e0b1e79ee71c010VgnVCM1000000b205a0aRCRD";"ISLA DE ONS";"CALLE";"V";"14";"";"";"";"";"MADRID";"MADRID";"28035";"PEÑA GRANDE";"FUENCARRAL-EL PARDO";"438959";"4481521";"40.48025613358832";"-3.7214686777952974";"917 310 350";"";"ccreleon@madrid.es";"/contenido/entidadesYorganismos/CentrosCulturales"; 
1950;"Centro Sociocultural San Cristóbal de los Ángeles (Villaverde)";"";"Secretaría: de lunes a viernes de 9 a 14 y de 17 a 19 horas";"  Sala de exposiciones  Sala de lectura y estudio  Salón de actos  6 aulas  ";" Metro: San Cristobal (línea 3)  Bus: 59, 79,  ";"";"1";"http://www.madrid.es/vgn-ext-templating/v/index.jsp?vgnextchannel=9e4c43db40317010VgnVCM100000dc0ca8c0RCRD&vgnextoid=7f4a79262ef5d010VgnVCM1000000b205a0aRCRD";"PINAZO";"PLAZA";"V";"7";"1ª";"";"";"";"MADRID";"MADRID";"28021";"SAN CRISTOBAL";"VILLAVERDE";"441460";"4466191";"40.34233618931469";"-3.6905504735084342";"917 100 410 / 917 100 413";"";"ccscangeles@madrid.es";"/contenido/entidadesYorganismos/CentrosCulturales"; 
117716;"Centro Sociocultural Santa Petronila (Villaverde)";"";" Secretaría: de lunes a viernes de 9:30 a 13:30 y de 17 a 19 horas.     ";"  Sala de lectura y estudio  Salón de actos / auditorio  Cafetería comedor  Zonas de exposiciones en planta primera y segunda  16 aulas  Ascensor  Aseos adaptados  Cambiador de bebe en planta baja  ";" Metro: Villaverde Bajo Cruce (línea 3)  Bus: 59 , 79 , 85 , 123  Renfe: Villaverde Bajo ";" En la misma sede se encuentra la Oficina de información juvenil y el Espacio de Igualdad Clara Campoamor. ";"1";"http://www.madrid.es/vgn-ext-templating/v/index.jsp?vgnextchannel=9e4c43db40317010VgnVCM100000dc0ca8c0RCRD&vgnextoid=03f7cbf06c81c010VgnVCM1000000b205a0aRCRD";"MARIA MARTINEZ OVIOL";"CALLE";"V";"12";"";"";"";"";"MADRID";"MADRID";"28021";"LOS ROSALES";"VILLAVERDE";"441386";"4467139";"40.35087114162283";"-3.691508909255186";"917 109 710";"";"ccspetronila@madrid.es";"/contenido/entidadesYorganismos/CentrosCulturales"; 
1937;"Centro Sociocultural Talleres de Creatividad (Puente de Vallecas)";"";" Secretaría: de lunes a viernes de 9 a 14 y de 17 a 19 horas. ";"  Sala de lectura y estudio  7 aulas  ";" Bús: 24, 57, 111, 310 ";"";"1";"http://www.madrid.es/vgn-ext-templating/v/index.jsp?vgnextchannel=9e4c43db40317010VgnVCM100000dc0ca8c0RCRD&vgnextoid=b7ab1e79ee71c010VgnVCM1000000b205a0aRCRD";"SIERRA CARBONERA";"CALLE";"NUM";"74";"";"";"";"";"MADRID";"MADRID";"28053";"SAN DIEGO";"PUENTE DE VALLECAS";"443641";"4471476";"40.39009721512908";"-3.6653408453804612";"917 570 189 / 917 570 240";"";"ctcepvallecas@madrid.es";"/contenido/entidadesYorganismos/CentrosCulturales"; 
1948;"Centro Sociocultural Tetuán";"";" Secretaría: de lunes a jueves de 9:30 a 13:30 y de 17:00 a 18:30 horas. Viernes de 9:30 a 13:30 horas. ";"  Salón de actos / auditorio  8 aulas  ";" Metro: Tetuán (línea 1)  Bus: 66, 124 ";" Sobre accesibilidad:   Entrada a mismo nivel de calle con 2 puertas de apertura manual   Ascensor a plantas con puerta de apertura manual  Construido en el año 1992. Se corresponde con el proyecto inicial del edificio, debiendo cumplir en su día con la normativa existente al respecto.           ";"1";"http://www.madrid.es/vgn-ext-templating/v/index.jsp?vgnextchannel=9e4c43db40317010VgnVCM100000dc0ca8c0RCRD&vgnextoid=0ecb1e79ee71c010VgnVCM1000000b205a0aRCRD";"BRAVO MURILLO";"CALLE";"V";"251";"";"";"";"";"MADRID";"MADRID";"28020";"BERRUGUETE";"TETUAN";"440737";"4479155";"40.45907130615822";"-3.700271645324868";"915 790 851";"";"csctetuan@madrid.es";"/contenido/entidadesYorganismos/CentrosCulturales"; 
1923;"Centro Sociocultural Valle Inclán (Fuencarral - El Pardo)";"";" Secretaría: de lunes a jueves de 9 a 13:30 y de 16:30 a 18:30. Viernes de 9 a 13:30 horas. ";"  Sala de exposiciones  Salón de actos / auditorio  6 aulas  ";" Bus: 67 , 132 ";"";"1";"http://www.madrid.es/vgn-ext-templating/v/index.jsp?vgnextchannel=9e4c43db40317010VgnVCM100000dc0ca8c0RCRD&vgnextoid=aa1c1e79ee71c010VgnVCM1000000b205a0aRCRD";"ARZOBISPO MORCILLO";"CALLE";"V";"7";"";"";"";"";"MADRID";"MADRID";"28029";"LA PAZ";"FUENCARRAL-EL PARDO";"441343";"4481592";"40.48106787416528";"-3.6933504628706095";"913 230 805";"";"ccvalleinclan@madrid.es";"/contenido/entidadesYorganismos/CentrosCulturales"; 
4679597;"Centro Sociocultural Vicálvaro";"";" Secretaría: de lunes a viernes de 10 a 14 y de 17 a 19 horas.  ";"  4 aulas  Sala de lectura y estudio  ";" Metro: Vicálvaro (línea 9)  Bus: 4, 100, 106, 130 ";"";"0";"http://www.madrid.es/vgn-ext-templating/v/index.jsp?vgnextchannel=9e4c43db40317010VgnVCM100000dc0ca8c0RCRD&vgnextoid=05ec3ef2c5ff5110VgnVCM1000000b205a0aRCRD";"LAGO TITICACA";"CALLE";"V";"10";"";"";"";"";"MADRID";"MADRID";"28032";"CASCO H.VICALVARO";"VICALVARO";"448475";"4472785";"40.40220324604798";"-3.608494019101746";"917 753 200 / 917 753 201 / 917 753 203";"";"cscvicalvaro@madrid.es";"/contenido/entidadesYorganismos/CentrosCulturales"; 
1996;"Centro Sociocultural Ágata (Villaverde).";"";" Secretaría: de lunes a jueves de 9 a 13:30 y de 16:30 a 19 horas. ";"  Sala de exposiciones  Sala de lectura y estudio  Salón de actos / auditorio  11 aulas  Cafetería  ";" Bus: 22 , 79 , 86 , 130 , 131 ";"";"1";"http://www.madrid.es/vgn-ext-templating/v/index.jsp?vgnextchannel=9e4c43db40317010VgnVCM100000dc0ca8c0RCRD&vgnextoid=d9743d0b5e71c010VgnVCM1000000b205a0aRCRD";"DOCTOR MARTIN AREVALO";"CALLE";"V";"2";"";"";"";"";"MADRID";"MADRID";"28021";"SAN ANDRES";"VILLAVERDE";"439937";"4466650";"40.34636268334182";"-3.708524395897377";"917 109 300";"";"ccagata@madrid.es";"/contenido/entidadesYorganismos/CentrosCulturales"; 
6013703;"CentroCentro Cibeles de Cultura y Ciudadanía. 5Cs";"  CentroCentro  Cibeles de Cultura y Ciudadanía es un punto de acogida e información cultural y un espacio para la reflexión colectiva sobre la vida y la cultura urbanas contemporáneas. Desde el corazón del Paseo del Arte, será altavoz y escaparate de la riqueza y diversidad artística recogida en las instituciones que lo conforman. Un lugar de reunión intercultural, escenario de participación, acción, ocio y aprendizaje. Una nueva fábrica de ideas, a imagen de la ciudad. ";"  Exposiciones    Martes a domingo: de 10 a  20 horas  Cerrado: todos los lunes, 1 y 6 de enero, 1 de mayo y 24, 25 y 31 de diciembre    Mirador    Martes a domingo: de 10:30 a 13:30 y de 16 a 19 horas  Cerrado: todos los lunes, 1 y 6 de enero, 1 de mayo y 24, 25 y 31 de diciembre.  Imprescindible reservar previamente turno en los mostradores de la planta principal (Planta 2)   ";" Centro cultural dedicado a la ciudad.   Puesto de atención telefónica 010:  identificado con el logotipo de Lineamadrid, permite al ciudadano contactar con el teléfono de información municipal 010, solo con descolgar y de forma  gratuita.    Auditorio Caja de Música      Cafetería Colección Cibeles     Planta 2. Planta principal  Horario: de lunes a domingo de 10 a 24 horas  Teléfono: 915 231 570     Tienda     Planta 2 , hall principal.   Horario es el mismo que el del Centro Cultural, de martes a domingo de 10 a 20 horas   El producto es muy variado, sección de Librería, escritorio, complemento, Joyería, textil, souvenirs &hellip; relacionado con arte, exposiciones que se exhiben en las galerías e inspirado en Madrid, para nacional o extranjero , incluso de diseño de propio que solo se podrá encontrar aquí a la venta.        Restaurante Palacio de Cibeles     Planta 6  Horario: de lunes a domingo de 13,30 a 16,30 horas y de 20 a 24 horas  Teléfono 915 231 454  Terraza bar Planta 6 Horario: de lunes a domingo de 10 a 2 horas  ";" Metro: Banco de España   Tren: Recoletos  Autobuses: 1, 2, 202, 5, 9, 10, 14,15,20,27,34,37,45,51,52,53,74,146,150, 203, Línea Expres Aeropuerto  Aparcamiento: C/ Montalbán  Aparcamiento para bicicletas: C/ Montalbán, 1 ";"   Visitas comentadas     Las visitas comentadas son gratuitas y son impartidas exclusivamente por los mediadores de CentroCentro.   Para público general (sin reserva)    De martes a viernes: 12 y 18 h.  Sábados, domingos y festivos: 11, 12, 17 y 18 h.  Plazas limitadas  Inscripción individualizada desde media hora antes de la visita en el mostrador de información(Planta principal).   Duración aproximada: 50 minutos.    Para grupos    De martes a viernes no festivos.  Es imprescindible la reserva anticipada.  Plazas limitadas. Mínimo 15 personas.    Reservas en el mostrador de información o por teléfono, al menos con una semana de antelación. Tfno: 914 800 009 (de martes a viernes de 10 a 14 horas ).     Uso de cámaras fotográficas:  está permitido tomar fotografías en el edificio con cámaras de mano y efectuar grabaciones con vídeo. No se permite el uso de flash en las áreas expositivas. No se permite el uso de tripodes. Se prohibe la reproducción, distribución o venta de fotografías o grabaciones de vídeo sin previa autorización    Exposición: Palacio de Cibeles    Fotografías. Propone al visitante un recorrido por la historia del Palacio de Cibeles, joya arquitectónica del siglo XX e hito urbanístico y simbólico de la ciudad.   Un itinerario de imagenes y documentación gráfica, desde finales del siglo pasado hasta llegar a su transformación actual en sede del Ayuntamiento de Madrid y centro cultural.  ";"1";"http://www.madrid.es/vgn-ext-templating/v/index.jsp?vgnextchannel=9e4c43db40317010VgnVCM100000dc0ca8c0RCRD&vgnextoid=5ff519cd7bcee210VgnVCM1000000b205a0aRCRD";"CIBELES";"PLAZA";"V";"1";"";"";"";"";"MADRID";"MADRID";"28014";"LOS JERONIMOS";"RETIRO";"441386";"4474703";"40.419011767401095";"-3.692206111679657";"010 (915 298 210 si llama desde fuera del municipio de Madrid)";"";"info.centrocentro@madrid-destino.es";"/contenido/entidadesYorganismos/CentrosCulturales"; 
4535757;"Consorcio de la Casa Sefarad Israel";"";"";"Tiene como objetivos entre otros, impulsar el desarrollo de las relaciones de España con la comunidad y organizaciones judias, sobre todo en los ámbitos cultural, social y científico";" Metro: Sol, Ópera, Latina  Bus: 3, 31, 50, 65  Renfe: Sol ";"";"0";"http://www.madrid.es/vgn-ext-templating/v/index.jsp?vgnextchannel=9e4c43db40317010VgnVCM100000dc0ca8c0RCRD&vgnextoid=9d50215a57131110VgnVCM2000000c205a0aRCRD";"MAYOR";"CALLE";"V";"69";"";"";"";"Palacio de Cañete";"MADRID";"MADRID";"28013";"PALACIO";"CENTRO";"439768";"4474305";"40.41531064853993";"-3.7112390711768444";"913 911 002";"913 910 310";"casa@sefarad-israel.es";"/contenido/entidadesYorganismos/Consorcios"; 
1915;"Fernán Gómez. Centro Cultural de la Villa";"";"  Atención general:  de 9 a 15 y de 16 a 21 horas.   Oficinas:  de lunes a viernes de 9:30 a 14:30 y de 17 a 19 horas.   Venta anticipada de entradas en taquillas:     De martes a domingo de 11 a 13:30 y de 17 a 19 horas. Lunes cerrado  Taquilla julio de 2013: de 11:30 a 13:30 horas    Exposiciones:  varia según la exposición, consultar en la  página web del Centro  ";"  Sala Guirau (aforo 689 personas)  Sala Dos (aforo desde 94 hasta 150 personas, depende de la disposición de la obra que represente)  Sala de exposiciones (200  m2 )  Espacios exteriores (21.402  m2 )  No hay cafetería   Venta de catálogos de exposiciones y de libros editados por el Teatro  En todas las salas y en las taquillas del teatro se dispone del sistema de Bucle Inductivo de audio, para que las personas con problemas de audición puedan comprar sus entradas y disfrutar de los espectáculos en programación.  Las personas con movilidad reducida, deben comunicarlo antes de adquirir sus localidades. ";" Metro: Colón (línea 4), Serrano (línea 4)  Bus: 1 , 5 , 9 , 14 , 19 , 21 , 27 , 45 ,  51 , 53 ,  74 , 150  Renfe: Recoletos ";"  Venta anticipada de entradas:  se pueden adquirir telefónicamente por Tel - entrada (Telentrada): 902 10 12 12 (desde España) / 00 34 917 748 701 (desde el extranjero). ";"1";"http://www.madrid.es/vgn-ext-templating/v/index.jsp?vgnextchannel=9e4c43db40317010VgnVCM100000dc0ca8c0RCRD&vgnextoid=ba663d0b5e71c010VgnVCM1000000b205a0aRCRD";"COLON";"PLAZA";"V";"4";"";"";"";"";"MADRID";"MADRID";"28001";"RECOLETOS";"SALAMANCA";"441586";"4475360";"40.42494443492478";"-3.689909248384061";"914 362 540 (Información general) /                       
914 362 540 - Ext. 208 (precios grupos y otros descuentos)/                      
914 362 540 - Ext. 205 (venta de catálogos y libros) /                                     
914 362 540 - Ext. 240 (Amigos del Fernán Gómez)";"914 358 376";"info@teatrofernangomez.com / grupos@teatrofernangomez.com / amigos@teatrofernangomez.com";"/contenido/entidadesYorganismos/Teatros"; 
4776440;"Medialab - Prado";" Centro  dedicado a la  producción, investigación y difusión de la  cultura digital.  Promueve la  participación de los usuarios a través del desarrollo de  proyectos colaborativos.   Se concibe como un laboratorio ciudadano que explora las formas de experimentación y aprendizaje colaborativo que han surgido de las redes digitales. ";"  De lunes a viernes de 16 a 21 horas.   Sábados de 11 a 21 horas.   Cerrado domingos y festivos; 1 y 6 de enero; 1 al 31 agosto;  24, 25 y 31 diciembre.  ";"  Espacio permanente de información, recepción y encuentro atendido por mediadores culturales.  Convocatorias abiertas para la presentación de propuestas y la participación en el desarrollo colaborativo de proyectos    Líneas estables de trabajo:      Interactivos?:  usos creativos de la electrónica y la programación   Inclusiva.net:  investigación y reflexión en torno a la cultura de redes   Visualizar:  estrategias y herramientas de visualización de información   Laboratorio del Procomún:  discusión transdiciplinar sobre los bienes comunes    AVLAB:  creación sonora y audiovisual     ";" Metro y Cercanías: Atocha  Bus: 6, 10, 14, 19, 26, 27, 32, 34, 37 y 45  ";"  Programa de actividades y más información    en el  sitio web de Medialab-Prado   Todas las actividades son gratuitas y de libre acceso, salvo que se requiera inscripción previa. ";"0";"http://www.madrid.es/vgn-ext-templating/v/index.jsp?vgnextchannel=9e4c43db40317010VgnVCM100000dc0ca8c0RCRD&vgnextoid=79f59dacff4d7110VgnVCM1000000b205a0aRCRD";"ALAMEDA";"CALLE";"V";"15";"";"";"";"";"MADRID";"MADRID";"28014";"CORTES";"CENTRO";"441244";"4473766";"40.410560776119";"-3.6937931079230744";"912 191 157";"";"info.m@medialab-prado.es";"/contenido/entidadesYorganismos/CentrosCulturales"; 
139451;"Sala Latinarte";"";" Secretaría: de 9 a 14 horas y de 16:30 a 19 horas ";"  Sala de exposiciones  Salón de actos / auditorio  ";" Metro: Aluche (línea 5)  Bus: 17, 31, 117, 121, 131, 138, 139, 155    Renfe: Aluce ";"";"1";"http://www.madrid.es/vgn-ext-templating/v/index.jsp?vgnextchannel=9e4c43db40317010VgnVCM100000dc0ca8c0RCRD&vgnextoid=6089ba61e681c010VgnVCM1000000b205a0aRCRD";"GENERAL FANJUL";"AVENIDA";"V";"2A";"";"";"";"";"MADRID";"MADRID";"28044";"LAS AGUILAS";"LATINA";"435243";"4470971";"40.38493634769686";"-3.764230286224537";"915 120 890 / 915 120 891";"";"ruizdm@madrid.es";"/contenido/entidadesYorganismos/CentrosCulturales"; 

