PK;NOMBRE;DESCRIPCION-ENTIDAD;HORARIO;EQUIPAMIENTO;TRANSPORTE;DESCRIPCION;ACCESIBILIDAD;CONTENT-URL;NOMBRE-VIA;CLASE-VIAL;TIPO-NUM;NUM;PLANTA;PUERTA;ESCALERAS;ORIENTACION;LOCALIDAD;PROVINCIA;CODIGO-POSTAL;BARRIO;DISTRITO;COORDENADA-X;COORDENADA-Y;LATITUD;LONGITUD;TELEFONO;FAX;EMAIL;TIPO;
17302;"Cine Acten";"Consulte la cartelera en la  pgina web de la gua del ocio ";"Confirmar telefnicamente.";"";" Metro: Sol (lneas 1, 3, 5), Gran Va (lneas 1, 5)  Bus: 1, 2, 3, 5, 15, 20, 46, 51, 74, 146, 150, 202,  M1 ,  M2  ";"  Da del espectador : mircoles.   Venta anticipada  de entradas en el  servicio entradas.com  ";"0";"http://www.madrid.es/vgn-ext-templating/v/index.jsp?vgnextchannel=9e4c43db40317010VgnVCM100000dc0ca8c0RCRD&vgnextoid=b6fb3d232e91f010VgnVCM1000000b205a0aRCRD";"MONTERA";"CALLE";"V";"31";"";"";"";"";"MADRID";"MADRID";"28013";"SOL";"CENTRO";"440524";"4474679";"40.41873428725416";"-3.702363924778316";"915 222 281";"";"";"/contenido/entidadesYorganismos/CinesFilmotecas"; 
55827;"Cine Artesiete Alcal Full HD";"Consulte la cartelera en la  pgina web de la gua del ocio ";"Confirmar telefnicamente.";"";" Metro: Ciudad Lineal  (lnea 5)  Bus: 4, 38, 48, 70, 77, 104, 105, 109, 113 ";"   Da del espectador : mircoles.   Venta anticipada  de entradas en el servicio  compraentradas.com .  ";"0";"http://www.madrid.es/vgn-ext-templating/v/index.jsp?vgnextchannel=9e4c43db40317010VgnVCM100000dc0ca8c0RCRD&vgnextoid=f14c3d232e91f010VgnVCM1000000b205a0aRCRD";"ALCALA";"CALLE";"V";"414";"";"";"";"";"MADRID";"MADRID";"28027";"PUEBLO NUEVO";"CIUDAD LINEAL";"445953";"4476717";"40.437446906533594";"-3.638523962349189";"913 678 768    
";"";"";"/contenido/entidadesYorganismos/CinesFilmotecas"; 
6647175;"Cine Artistic Metropol";" Consulte la cartelera en la  pgina web de la gua del ocio   Proyecto que hunde sus races por completo en el cine de gnero, desde el terror hasta el cine independiente, pasando por las propuestas ms arriesgadas. ";" Confirmar telefnicamente ";"";" Metro: Acacias (lnea 5), Embajadores (lnea 3)  Bus:  34, 36, 41, 60,  116, 118, 119, 148, C2, ";"";"0";"http://www.madrid.es/vgn-ext-templating/v/index.jsp?vgnextchannel=9e4c43db40317010VgnVCM100000dc0ca8c0RCRD&vgnextoid=b69b2f335181b310VgnVCM1000000b205a0aRCRD";"CIGARRERAS";"CALLE";"V";"6";"";"";"";"";"MADRID";"MADRID";"28005";"ACACIAS";"ARGANZUELA";"440082";"4473142";"40.404856499695455";"-3.70742856791561";"";"";"";"/contenido/entidadesYorganismos/CinesFilmotecas"; 
17319;"Cine Callao";" Consulte la cartelera en la  pgina web de la gua del ocio  ";"Confirmar telefnicamente";"";" Metro: Callao (lnea 3)  Bus: 1, 2, 44, 46, 74, 75, 146, 147, 148, 133, 202 ";"  Da del espectador:  mircoles no festivos   Descripcin monumental:  conjunto monumental, y sencillo en sus lneas, diseado por el arquitecto Luis Gutirrez Soto (1926 - 1927) con elementos decorativos neobarrocos,  art dco  y de influencia vienesa. Destaca su decoracin y el torren en esquina que pretende ser un faro luminoso anunciador.  ";"1";"http://www.madrid.es/vgn-ext-templating/v/index.jsp?vgnextchannel=9e4c43db40317010VgnVCM100000dc0ca8c0RCRD&vgnextoid=142255004e91f010VgnVCM2000000c205a0aRCRD";"CALLAO";"PLAZA";"V";"3";"";"";"";"";"MADRID";"MADRID";"28013";"SOL";"CENTRO";"440260";"4474823";"40.42001256069903";"-3.7054891255917886";"915 225 801";"";"";"/contenido/entidadesYorganismos/CinesFilmotecas"; 
17321;"Cine Cinesa Capitol";" Consulte la cartelera en la  pgina web de la gua del ocio  ";"Confirmar telefnicamente.";"";" Metro: Callao (lneas 3, 5), Santo Domingo (lnea 2)  Bus: 1, 2, 44, 46, 74, 75, 133, 146, 147, 148, 202 ";"  Da del espectador : mircoles.   Venta anticipada  de entrada en servicio  entradas.com    Descripcin monumental : Arquitectos:  Luis Martnez - Feduchi y Vicente Eced  (1931 - 1933). Esta joya arquitectnica vanguardista e innovadora se construy con la ambicin de convertirse en un hito urbano. Desde su origen se pens en l como soporte de anuncios luminosos.  ";"0";"http://www.madrid.es/vgn-ext-templating/v/index.jsp?vgnextchannel=9e4c43db40317010VgnVCM100000dc0ca8c0RCRD&vgnextoid=6dac3d232e91f010VgnVCM1000000b205a0aRCRD";"GRAN VIA";"CALLE";"V";"41";"";"";"";"";"MADRID";"MADRID";"28013";"PALACIO";"CENTRO";"440167";"4474871";"40.42043827261684";"-3.7065898195198486";"902 333 231";"";"";"/contenido/entidadesYorganismos/CinesFilmotecas"; 
17304;"Cine Cinesa La Gavia";"Consulte la cartelera en la  pgina web de la gua del ocio ";"Confirmar telefnicamente.";"";" Metro: Plaza de Espaa (lneas 3, 10), Ventura Rodrguez (lnea 3)  Bus: 1, 2, 44, 133, 138, 148, 202,  C1  ";" Da del espectador:  mircoles";"0";"http://www.madrid.es/vgn-ext-templating/v/index.jsp?vgnextchannel=9e4c43db40317010VgnVCM100000dc0ca8c0RCRD&vgnextoid=390c3d232e91f010VgnVCM1000000b205a0aRCRD";"ADOLFO BIOY CASARES";"CALLE";"V";"2";"";"";"";"";"MADRID";"MADRID";"28051";"CASCO H.VALLECAS";"VILLA DE VALLECAS";"449381";"4468949";"40.367701522967664";"-3.597512351069017";"902 333 231  
";"";"";"/contenido/entidadesYorganismos/CinesFilmotecas"; 
68001;"Cine Cinesa Las Rosas 3D";"Consulte la cartelera en la  pgina web de la gua del ocio ";"Consultar telefnicamente.";"";" Metro: Alsacia (lnea 2)  Bus: 4, 70, 106, 140,  E2  ";"  Da del espectador : mircoles  Venta anticipada de entradas en el servicio  ticketmaster.es  ";"1";"http://www.madrid.es/vgn-ext-templating/v/index.jsp?vgnextchannel=9e4c43db40317010VgnVCM100000dc0ca8c0RCRD&vgnextoid=3c9255004e91f010VgnVCM2000000c205a0aRCRD";"GUADALAJARA";"AVENIDA";"V";"2";"";"";"";"";"MADRID";"MADRID";"28032";"ARCOS";"SAN BLAS-CANILLEJAS";"447298";"4474603";"40.41850711270872";"-3.6225145335284066";"902 333 231";"";"";"/contenido/entidadesYorganismos/CinesFilmotecas"; 
33938;"Cine Cinesa Mndez lvaro 3D";"Consulte la cartelera en la  pgina web de la gua del ocio ";"Consultar telefnicamente.";"";"  Metro:  Mndez lvaro (lnea 6)   Renfe:  Mndez lvaro   Bus:  102, 113, 148, 152 ";"  Da del espectador:  mircoles ";"0";"http://www.madrid.es/vgn-ext-templating/v/index.jsp?vgnextchannel=9e4c43db40317010VgnVCM100000dc0ca8c0RCRD&vgnextoid=b32e3d232e91f010VgnVCM1000000b205a0aRCRD";"ACANTO";"CALLE";"V";"2";"";"";"";"";"MADRID";"MADRID";"28045";"ATOCHA";"ARGANZUELA";"442780";"4472196";"40.396524567021544";"-3.6755496528510783";"902 333 231";"";"";"/contenido/entidadesYorganismos/CinesFilmotecas"; 
160926;"Cine Cinesa Prncipe Po";"Consulte la cartelera en la  pgina web de la gua del ocio ";"Confirmar telefnicamente";"";" Metro: Prncipe Po (lneas 6, 10)  Bus: 25, 33, 39, 62, 41, 46, 75, 138,  C1 ,  C2   Renfe: Prncipe Po ";"  Da del espectador : mircoles.   Venta anticipada  de entradas en el servicio  ticketmaster.es  ";"0";"http://www.madrid.es/vgn-ext-templating/v/index.jsp?vgnextchannel=9e4c43db40317010VgnVCM100000dc0ca8c0RCRD&vgnextoid=de97051c8d91f010VgnVCM1000000b205a0aRCRD";"FLORIDA";"PASEO";"V";"0";"";"";"";"Centro de Ocio, Cultura y Comercio Prncipe Po";"MADRID";"MADRID";"28008";"CASA DE CAMPO";"MONCLOA-ARAVACA";"438948";"4474919";"40.42078197104075";"-3.7209625681527148";"902 333 231";"";"";"/contenido/entidadesYorganismos/CinesFilmotecas"; 
137916;"Cine Cinesa Proyecciones 3D";"Consulte la cartelera en la  pgina web de la gua del ocio ";"Confirmar telefnicamente.";"";" Metro: San Bernardo (lneas 2, 4), Quevedo (lnea 2), Bilbao (lneas 1, 4 )  Bus: 3, 21, 37, 40, 147, 149 ";"  Venta anticipada  de entradas en servicio  ticketmaster.com  ";"0";"http://www.madrid.es/vgn-ext-templating/v/index.jsp?vgnextchannel=9e4c43db40317010VgnVCM100000dc0ca8c0RCRD&vgnextoid=2f67051c8d91f010VgnVCM1000000b205a0aRCRD";"FUENCARRAL";"CALLE";"V";"136";"";"";"";"";"MADRID";"MADRID";"28010";"TRAFALGAR";"CHAMBERI";"440460";"4476095";"40.43148568058066";"-3.7032511074682977";"902 333 231";"";"";"/contenido/entidadesYorganismos/CinesFilmotecas"; 
17327;"Cine Conde Duque Alberto Aguilera";"Consulte la cartelera en la  pgina web de la gua del ocio ";"Confirmar telefnicamente.";"";" Metro: San Bernardo (lneas 2, 4)  Bus: 3, 21, 147, 149 ";" Da del espectador:  mircoles.";"0";"http://www.madrid.es/vgn-ext-templating/v/index.jsp?vgnextchannel=9e4c43db40317010VgnVCM100000dc0ca8c0RCRD&vgnextoid=72dc3d232e91f010VgnVCM1000000b205a0aRCRD";"ALBERTO AGUILERA";"CALLE";"V";"4";"";"";"";"";"MADRID";"MADRID";"28015";"ARAPILES";"CHAMBERI";"440175";"4475912";"40.42981664825533";"-3.706593653591267";"914 477 184";"";"";"/contenido/entidadesYorganismos/CinesFilmotecas"; 
124770;"Cine Conde Duque Goya";"Consulte la cartelera en la  pgina web de la gua del ocio ";"Confirmar telefnicamente.";"";" Metro: Goya (lneas 2,4 ), Velzquez (lnea 4), Prncipe de Vergara (lneas 2, 9)  Bus: 15, 21, 26, 29, 52, 53, 61, 146, 152 ";"  Da del espectador : mircoles.   Venta anticipada  de entradas en servicio  entradas.com  ";"1";"http://www.madrid.es/vgn-ext-templating/v/index.jsp?vgnextchannel=9e4c43db40317010VgnVCM100000dc0ca8c0RCRD&vgnextoid=e5ec654d9d91f010VgnVCM2000000c205a0aRCRD";"GOYA";"CALLE";"V";"67";"";"";"";"";"MADRID";"MADRID";"28001";"GOYA";"SALAMANCA";"442460";"4475373";"40.425122566570735";"-3.6796079845954734";"915 783 152       
";"";"";"/contenido/entidadesYorganismos/CinesFilmotecas"; 
24407;"Cine Conde Duque Santa Engracia 3D";"";"";"";"";"";"0";"http://www.madrid.es/vgn-ext-templating/v/index.jsp?vgnextchannel=9e4c43db40317010VgnVCM100000dc0ca8c0RCRD&vgnextoid=c2f255004e91f010VgnVCM2000000c205a0aRCRD";"SANTA ENGRACIA";"CALLE";"V";"132";"";"";"";"";"MADRID";"MADRID";"28003";"RIOS ROSAS";"CHAMBERI";"440596";"4477305";"40.442395567766845";"-3.701772948792809";"914 411 461";"";"";"/contenido/entidadesYorganismos/CinesFilmotecas"; 
129467;"Cine Dreams Palacio de Hielo";"Consulte la cartelera en la  pgina web de la gua del ocio ";"";"";" Metro: Canillas (lnea 4)  Bus: 73, 112, 120, 122, 153 ";"";"0";"http://www.madrid.es/vgn-ext-templating/v/index.jsp?vgnextchannel=9e4c43db40317010VgnVCM100000dc0ca8c0RCRD&vgnextoid=442d654d9d91f010VgnVCM2000000c205a0aRCRD";"SILVANO";"CALLE";"V";"77";"";"";"";"";"MADRID";"MADRID";"28043";"CANILLAS";"HORTALEZA";"446189";"4479528";"40.462803146661386";"-3.636003964017397";"";"";"";"/contenido/entidadesYorganismos/CinesFilmotecas"; 
17314;"Cine Estudio Crculo de Bellas Artes";"";"Confirmar telefnicamente.";"";" Metro: Banco de Espaa (lnea 2), Sevilla (lnea 2)  Bus: 1, 2, 5, 9, 46, 51, 52, 53, 74, 146, 150, 202 ";"";"0";"http://www.madrid.es/vgn-ext-templating/v/index.jsp?vgnextchannel=9e4c43db40317010VgnVCM100000dc0ca8c0RCRD&vgnextoid=7cfc3d232e91f010VgnVCM1000000b205a0aRCRD";"ALCALA";"CALLE";"V";"42";"";"";"";"";"MADRID";"MADRID";"28014";"CORTES";"CENTRO";"441012";"4474640";"40.418417756198565";"-3.6966084554513072";"913 892 500";"";"";"/contenido/entidadesYorganismos/CinesFilmotecas"; 
18753;"Cine Imax Madrid";"";" Consultar telefnicamente. ";"";" Metro: Mndez lvaro (lnea 6)  Renfe: Mndez lvaro  Bus: 8, 102, 148, 152, 156 ";"  Da del espectador:  viernes ";"0";"http://www.madrid.es/vgn-ext-templating/v/index.jsp?vgnextchannel=9e4c43db40317010VgnVCM100000dc0ca8c0RCRD&vgnextoid=9be8059cb751c010VgnVCM2000000c205a0aRCRD";"MENESES";"CALLE";"V";"0";"";"";"";"";"MADRID";"MADRID";"28045";"LEGAZPI";"ARGANZUELA";"442261";"4471709";"40.39210151448589";"-3.681620654746187";"914 674 800";"";"";"/contenido/entidadesYorganismos/CinesFilmotecas"; 
17366;"Cine La Vaguada";"Consulte la cartelera en la  pgina web de la gua del ocio ";" Consultar telefnicamente. ";"";" Metro: Barrio del Pilar (lnea 9)  Bus: 49, 83, 128, 132, 134, 137  ";"  Da del espectador:  mircoles ";"0";"http://www.madrid.es/vgn-ext-templating/v/index.jsp?vgnextchannel=9e4c43db40317010VgnVCM100000dc0ca8c0RCRD&vgnextoid=8e8355004e91f010VgnVCM2000000c205a0aRCRD";"SANTIAGO DE COMPOSTELA";"CALLE";"S/N";"0";"";"";"";"C. COMERCIAL MADRID DOS LA VAGUADA";"MADRID";"MADRID";"28034";"LA PAZ";"FUENCARRAL-EL PARDO";"440936";"4482048";"40.48514678964862";"-3.698194594272782";"917 300 622";"";"";"/contenido/entidadesYorganismos/CinesFilmotecas"; 
17349;"Cine Palacio de la Prensa";"Consulte la cartelera en la  pgina web de la gua del ocio ";"Consultar telfonicamente.";"";"  Metro:  Callao (lneas 3, 5)   Bus:  1, 2, 46, 74, 75, 146, 147, 148, 202 ";"  Da del espectador:  mircoles.   Venta anticipada  de entradas en el  servicio entradas.com  ";"0";"http://www.madrid.es/vgn-ext-templating/v/index.jsp?vgnextchannel=9e4c43db40317010VgnVCM100000dc0ca8c0RCRD&vgnextoid=fe3d3d232e91f010VgnVCM1000000b205a0aRCRD";"CALLAO";"PLAZA";"V";"4";"";"";"";"";"MADRID";"MADRID";"28013";"SOL";"CENTRO";"440257";"4474804";"40.41984118412432";"-3.7055226978126132";"915 219 900";"";"";"/contenido/entidadesYorganismos/CinesFilmotecas"; 
17350;"Cine Palafox";"Consulte la cartelera en la  ogina web de la gua del ocio ";"Confirmar telefnicamente.";"";"  Metro:  Bilbao (lneas 1, 4)   Bus:  3, 21, 37, 40, 147, 149 ";"   Da del espectador:   lunes  ";"0";"http://www.madrid.es/vgn-ext-templating/v/index.jsp?vgnextchannel=9e4c43db40317010VgnVCM100000dc0ca8c0RCRD&vgnextoid=f15d3d232e91f010VgnVCM1000000b205a0aRCRD";"LUCHANA";"CALLE";"V";"15";"";"";"";"";"MADRID";"MADRID";"28010";"TRAFALGAR";"CHAMBERI";"440655";"4475934";"40.430058289017886";"-3.7009373284385667";"915 938 727";"";"";"/contenido/entidadesYorganismos/CinesFilmotecas"; 
17351;"Cine Paz";"Consulte la cartelera en la  pgina web de la gua del ocio ";"Consultar telefnicamente.";"";" Metro: Bilbao (lneas 2, 4), Quevedo (lnea 2)  Bus: 3, 16, 21, 37, 40, 61, 147, 149 ";"  Da del espectador:  mircoles.   Venta anticipada  de entradas en el  servicio entradas.com  ";"0";"http://www.madrid.es/vgn-ext-templating/v/index.jsp?vgnextchannel=9e4c43db40317010VgnVCM100000dc0ca8c0RCRD&vgnextoid=f46d3d232e91f010VgnVCM1000000b205a0aRCRD";"FUENCARRAL";"CALLE";"V";"125";"";"";"";"";"MADRID";"MADRID";"28010";"TRAFALGAR";"CHAMBERI";"440446";"4476028";"40.430881110367864";"-3.7034098613735513";"914 464 566";"";"";"/contenido/entidadesYorganismos/CinesFilmotecas"; 
17355;"Cine Princesa";"Consulte la cartelera en la  pgina web de la gua del ocio ";"Consultar telefnicamente.";"";" Metro: Plaza de Espaa (lneas 3, 10), Ventura Rodrguez (lnea 3)  Bus: 1, 2, 44, 74, 133, 138, 202,  C1 ,  C2  ";"  Da del espectador:  lunes   Venta anticipada  de entradas en el  servicio entradas.com  ";"0";"http://www.madrid.es/vgn-ext-templating/v/index.jsp?vgnextchannel=9e4c43db40317010VgnVCM100000dc0ca8c0RCRD&vgnextoid=fa8d3d232e91f010VgnVCM1000000b205a0aRCRD";"PRINCESA";"CALLE";"V";"3";"";"";"";"";"MADRID";"MADRID";"28008";"ARGUELLES";"MONCLOA-ARAVACA";"439638";"4475352";"40.424733058522776";"-3.7128707959595735";"915 422 702  
";"";"";"/contenido/entidadesYorganismos/CinesFilmotecas"; 
17358;"Cine Renoir Plaza de Espaa";"Consulte la cartelera en la pgina web de la gua del ocio";"Consultar telefnicamente.";"";" Metro: Plaza Espaa (lneas 3, 10)  Bus: 1, 2, 44, 46, 74, 75, 133, 138, 148, 202,  C1 ,  C2  ";"  Da del espectador : lunes   Venta anticipada  de entradas en el  servicio entradas.com  ";"0";"http://www.madrid.es/vgn-ext-templating/v/index.jsp?vgnextchannel=9e4c43db40317010VgnVCM100000dc0ca8c0RCRD&vgnextoid=b1bd3d232e91f010VgnVCM1000000b205a0aRCRD";"MARTIN DE LOS HEROS";"CALLE";"V";"12";"";"";"";"";"MADRID";"MADRID";"28008";"ARGUELLES";"MONCLOA-ARAVACA";"439591";"4475313";"40.424378311873575";"-3.7134211001030777";"915 422 702 
";"";"";"/contenido/entidadesYorganismos/CinesFilmotecas"; 
58576;"Cine Renoir Retiro";"Consulte la cartelera en la  pgina web de la gua del ocio ";"Consultar telefnicamente.";"";"  Metro:  Ibiza (lneas 2, 9)   Bus:  2, 15, 26, 61, 63, 202, 215, C1 ";"  Venta anticipada  de entradas en el  servicio entradas.com  ";"0";"http://www.madrid.es/vgn-ext-templating/v/index.jsp?vgnextchannel=9e4c43db40317010VgnVCM100000dc0ca8c0RCRD&vgnextoid=b7dd3d232e91f010VgnVCM1000000b205a0aRCRD";"NARVAEZ";"CALLE";"V";"42";"";"";"";"";"MADRID";"MADRID";"28009";"IBIZA";"RETIRO";"442731";"4474811";"40.42007851600518";"-3.6763627973897464";"915 422 702 
";"";"";"/contenido/entidadesYorganismos/CinesFilmotecas"; 
5787803;"Cine Sala Berlanga";"";"";"";" Metro: Moncloa (lneas 3, 6) , Islas Filipinas (lnea 7)  Bus: 1, 2, 12, 16, 21, 44, 61, 82, 83, 132, 133, 202, C1 ";"";"0";"http://www.madrid.es/vgn-ext-templating/v/index.jsp?vgnextchannel=9e4c43db40317010VgnVCM100000dc0ca8c0RCRD&vgnextoid=08025b888b3aa210VgnVCM1000000b205a0aRCRD";"ANDRES MELLADO";"CALLE";"V";"53";"";"";"";"";"MADRID";"MADRID";"28015";"GAZTAMBIDE";"CHAMBERI";"439516";"4476595";"40.43592165987274";"-3.7144273694875025";"";"";"";"/contenido/entidadesYorganismos/CinesFilmotecas"; 
91099;"Cine Verdi HD";"Consulte la cartelera en la  pgina web de la gua del ocio ";"Consultar telefnicamente.";"";" Metro: Canal (lneas 2, 7), Quevedo (lnea 2)  Bus: 3, 12, 16, 37, 61, 149 ";"  Da del espectador:  lunes ";"0";"http://www.madrid.es/vgn-ext-templating/v/index.jsp?vgnextchannel=9e4c43db40317010VgnVCM100000dc0ca8c0RCRD&vgnextoid=b63e3d232e91f010VgnVCM1000000b205a0aRCRD";"BRAVO MURILLO";"CALLE";"V";"28";"";"";"";"";"MADRID";"MADRID";"28015";"TRAFALGAR";"CHAMBERI";"440393";"4476667";"40.43662476624267";"-3.70408281907753";"914 473 930 
";"";"";"/contenido/entidadesYorganismos/CinesFilmotecas"; 
30455;"Cine Victoria";"Consulte la cartelera en la  pgina web de la gua del ocio ";"Consultar telefnicamente.";"";" Metro: Diego de Len (lneas 4, 5, 6)  Bus: 12, 26, 43, 48, 56, 61, 72, 73,    C1   ,   C2  ";" Da del espectador:  mircoles";"0";"http://www.madrid.es/vgn-ext-templating/v/index.jsp?vgnextchannel=9e4c43db40317010VgnVCM100000dc0ca8c0RCRD&vgnextoid=394e3d232e91f010VgnVCM1000000b205a0aRCRD";"FRANCISCO SILVELA";"CALLE";"V";"48";"";"";"";"";"MADRID";"MADRID";"28028";"GUINDALERA";"SALAMANCA";"442966";"4476373";"40.43416598323624";"-3.6737332830250886";"917 251 266";"";"";"/contenido/entidadesYorganismos/CinesFilmotecas"; 
5548871;"Cines Yelmo Islazul";"";"";"";" Bus: 35, 108, 118, 155 ";"";"0";"http://www.madrid.es/vgn-ext-templating/v/index.jsp?vgnextchannel=9e4c43db40317010VgnVCM100000dc0ca8c0RCRD&vgnextoid=2bc4a4cc80056210VgnVCM2000000c205a0aRCRD";"CALDERILLA";"CALLE";"V";"1";"";"";"";"CENTRO COMERCIAL ISLAZUL";"MADRID";"MADRID";"28054";"BUENAVISTA";"CARABANCHEL";"437457";"4468762";"40.3652060762759";"-3.737931015705989";"";"";"";"/contenido/entidadesYorganismos/CinesFilmotecas"; 
4549928;"Cinesa Manoteras";"Consulte la cartelera en la  pgina web de la gua del ocio ";"";"";" Renfe: Fuente de la Mora ( C7 ,  C10 )  Bus: 150, 174 ";" Da del espectador:  mircoles";"0";"http://www.madrid.es/vgn-ext-templating/v/index.jsp?vgnextchannel=9e4c43db40317010VgnVCM100000dc0ca8c0RCRD&vgnextoid=1eb86f91462a1110VgnVCM1000000b205a0aRCRD";"MANOTERAS";"AVENIDA";"V";"40";"";"";"";"";"MADRID";"MADRID";"28050";"VALDEFUENTES";"HORTALEZA";"443715";"4482126";"40.48604287095553";"-3.6654142365599194";"902 100 842 
";"";"";"/contenido/entidadesYorganismos/CinesFilmotecas"; 
6963310;"Cineteca del Matadero Madrid";" Sala dedicada casi en exclusiva al cine de no ficcin ";" Taquilla, media hora antes del comienzo de la sesin ";"";" Metro :  Legazpi (lneas 6, 3)  Bus: 6 , 8 , 18 , 19 , 45 , 78 , 148 ";"  Venta anticipada  en la  pgina web de entradas.com  ";"1";"http://www.madrid.es/vgn-ext-templating/v/index.jsp?vgnextchannel=9e4c43db40317010VgnVCM100000dc0ca8c0RCRD&vgnextoid=2dbd1fe44c5ee310VgnVCM2000000c205a0aRCRD";"CHOPERA";"PASEO";"V";"14";"";"";"";"";"MADRID";"MADRID";"28045";"CHOPERA";"ARGANZUELA";"440934";"4471754";"40.39241367848808";"-3.697259467865366";"915 170 903                     
";"";"info@cinetecamadrid.com";"/contenido/entidadesYorganismos/CinesFilmotecas"; 
96378;"Filmoteca Espaola";" La Filmoteca Espaola es el archivo histrico que custodia el patrimonio flmico espaol. Tiene como misin recuperar, investigar y conservar el patrimonio cinematogrfico y promover su conocimiento. Es una Subdireccin General del Instituto de la Cinematografa y de las Artes Audiovisuales y desde 1956 pertenece a la Federacin Internacional de Archivos Flmicos    Ubicada en el Palacio de Perales    Edificio de carcter monumental  Construido a principios del siglo XVIII por el arquitecto Pedro de Ribera, representante del barroco castizo madrileo. Rehabilitado por el arquitecto Javier Feduchi Benlliure, finalizando las obras en 2001 ";" Biblioteca: de lunes a viernes de 9:30 a 14 horas ";"  Fondos flmicos  Catalogacin y documentacin (Biblioteca y archivo grfico)  Consulta y visionado de pelculas por razones de investigacin, estudio o docencia  Sala de exposiciones  ";" Metro: Tirso de Molina (Lnea 1)  Bus: 6 , 26 , 32 , 65 ";"";"0";"http://www.madrid.es/vgn-ext-templating/v/index.jsp?vgnextchannel=9e4c43db40317010VgnVCM100000dc0ca8c0RCRD&vgnextoid=1f2f3d232e91f010VgnVCM1000000b205a0aRCRD";"MAGDALENA";"CALLE";"V";"10";"";"";"";"";"MADRID";"MADRID";"28012";"EMBAJADORES";"CENTRO";"440534";"4473966";"40.41231195969282";"-3.7021792836496275";"914 672 600";"914 672 608";"filmoteca@mcu.es";"/contenido/entidadesYorganismos/MonumentosEdificiosArtisticos"; 
2044;"Filmoteca Espaola. Cine Dor";" El Cine Dor es el local de la Filmoteca Espaola donde sta exhibe diariamente sus programaciones cinematogrficas. El edificio cuenta con tres salas de proyecciones: sala 1 (reconstruccin de la primitiva del Saln Dor), sala 2 (de diseo ms moderno) y sala 3 o Luis Garca Berlanga (sala al aire libre, funciona nicamente desde julio a mediados de septiembre, cuenta con un servicio de bar). Las instalaciones se completan con una cafetera y una librera especializada en temas de cine ";"  Taquilla : desde las 16:15 horas hasta 15 minutos despus del comienzo de la ltima sesin. Se despachan como mximo tres entradas por persona y sesin. No se reservan entradas ni se pueden realizar cambios una vez comenzada la sesin.  Venta anticipada: desde las 21 horas hasta el cierre de la taquilla para las sesiones del da siguiente y sin sobrepasar un tercio del aforo de cada una de las salas   Cafetera : de 17 a 00:45 horas   Librera : de 17:30 a 22 horas. Lunes cerrado ";"  Dos salas para proyecciones  Cafetera  Librera     Exhibicin :   Las pelculas extranjeras se exhiben siempre en versin original. Cuando las copias de las pelculas carecen de subttulos, stos se realizan de manera electrnica   Proyecciones :  Tienen lugar de martes a domingo (excepto festivos). Su nmero suele ser de cuatro sesiones diarias  La primera sesin comienza a las 17:30 horas en invierno y a las 18 horas en verano  La ltima sesin no tiene establecida hora fija de inicio. Suele comenzar alrededor de las 22 horas ";" Metro: Antn Martn (Lnea 1)  Bus: 6, 26, 32 ";"En 1912 se inaugur el saln Dor. Aunque no fue hasta 1923 cuando se construy el Cine Dor. De estilo modernista, sus planos fueron firmados por el arquitecto  Crspulo Moro Cabeza , bajo promocin del industrial  Arturo Carballo Alemany . En 1982, la Corporacin Municipal adquiere el Cine como edificio de inters arquitectnico y, tras la firma de cesin al Ministerio de Cultura, se decide destinarlo a local de proyecciones para la  Filmoteca Espaola ";"0";"http://www.madrid.es/vgn-ext-templating/v/index.jsp?vgnextchannel=9e4c43db40317010VgnVCM100000dc0ca8c0RCRD&vgnextoid=1c1f3d232e91f010VgnVCM1000000b205a0aRCRD";"SANTA ISABEL";"CALLE";"V";"3";"";"";"";"";"MADRID";"MADRID";"28012";"EMBAJADORES";"CENTRO";"440784";"4473908";"40.411807323876616";"-3.69922751452095";"913 692 118 (gerencia) / 913 691 125 (taquillas) / 913 694 923 (cafetera) / 913 694 673 (librera)";"913 691 250";"";"/contenido/entidadesYorganismos/CinesFilmotecas"; 
43002;"Pequeo Cine Estudio";"";"";"";" Metro: Quevedo ( L2 ), San Bernardo ( L2 ,  L4 )  Bus: 16, 37, 61, 149 ";"";"0";"http://www.madrid.es/vgn-ext-templating/v/index.jsp?vgnextchannel=9e4c43db40317010VgnVCM100000dc0ca8c0RCRD&vgnextoid=f77d3d232e91f010VgnVCM1000000b205a0aRCRD";"MAGALLANES";"CALLE";"V";"1";"";"";"";"";"MADRID";"MADRID";"28015";"ARAPILES";"CHAMBERI";"440276";"4476202";"40.4324363685589";"-3.705430315372582";"914 472 920";"";"";"/contenido/entidadesYorganismos/CinesFilmotecas"; 
17345;"Yelmo Cines Ideal 3D";" Consulte la cartelera en la  pgina web de la gua del ocio  ";"Consultar telefnicamente.";"";" Metro: Tirso de Molina (lnea 1)  Bus: 6, 32, 50, 65 ";"  Da del espectador:  lunes y mircoles   Venta anticipada  de entradas en el servicio  entradas.com  ";"0";"http://www.madrid.es/vgn-ext-templating/v/index.jsp?vgnextchannel=9e4c43db40317010VgnVCM100000dc0ca8c0RCRD&vgnextoid=fb5e3d232e91f010VgnVCM1000000b205a0aRCRD";"DOCTOR CORTEZO";"CALLE";"V";"6";"";"";"";"";"MADRID";"MADRID";"28012";"EMBAJADORES";"CENTRO";"440397";"4474133";"40.41380655817473";"-3.70380956260549";"914 362 518 
";"";"";"/contenido/entidadesYorganismos/CinesFilmotecas"; 
4790158;"Yelmo Cines Plenilunio 3D";"Consulte la cartelera en la  pgina web de la gua del ocio ";"";"";" Bus :  77 ";" Das del espectador:  lunes y jueves";"0";"http://www.madrid.es/vgn-ext-templating/v/index.jsp?vgnextchannel=9e4c43db40317010VgnVCM100000dc0ca8c0RCRD&vgnextoid=adc8490187ee7110VgnVCM1000000b205a0aRCRD";"EISENHOWER";"PLAZA";"V";"1";"";"";"";"";"MADRID";"MADRID";"0";"";"";"450132";"4478013";"";"";"";"";"";"/contenido/entidadesYorganismos/CinesFilmotecas"; 

