ID-SALUD,NOMBRE,DESCRIPCION-ENTIDAD,HORARIO,EQUIPAMIENTO,TRANSPORTE,DESCRIPCION,ACCESIBILIDAD,CONTENT-URL,NOMBRE-VIA,CLASE-VIAL,TIPO-NUM,NUM,PLANTA,PUERTA,ESCALERAS,ORIENTACION,LOCALIDAD,PROVINCIA,CODIGO-POSTAL,BARRIO,DISTRITO,COORDENADA-X,COORDENADA-Y,LATITUD,LONGITUD,TELEFONO,FAX,EMAIL,TIPO,Column
9353,Laboratorio de Salud Pública," El Laboratorio de Salud Pública tiene su origen en una Institución centenaria, el Laboratorio Municipal de Higiene creado en 1877. A lo largo de los años ha evolucionado para adaptarse a las necesidades de salud pública de la ciudad de Madrid.  En la actualidad es un referente en el terreno de la seguridad alimentaria, alcanzando grandes niveles de excelencia y eficiencia. Cuenta con un equipo de profesionales altamente cualificados: 55 personas, de las cuales 32 realizan labores técnicas y 23 labores administrativas y auxiliares. Cuenta con unas instalaciones idóneas y un equipo analítico de última generación.  El Laboratorio de Salud Pública está acreditado por ENAC, lo que significa el reconocimiento formal de la competencia técnica de las actividades que realiza. En la actualidad la acreditación abarca más de 200 actividades del Laboratorio de Salud Pública, siendo una de las acreditaciones más extensas dentro del territorio nacional para el análisis físico-químico y microbiológico de productos alimentarios. ", De lunes a viernes de 9 a 14 horas  ," El Laboratorio de Salud Pública realiza las funciones de soporte analítico a los programas de control oficial de productos alimenticios con objeto de asegurar la calidad sanitaria de los alimentos, bebidas y agua, para lo que realiza diferentes ensayos físico-químicos, microbiológicos y parasitológicos.  Así mismo, atiende las solicitudes analíticas de los ciudadanos que ante la sospecha de mal estado de los alimentos o aguas remite al  LSP  directamente o a través de las Juntas de Distrito. ","Metro: Canillas , Mar de Cristal Bus: 73, 120 ",,1,http://www.madrid.es/vgn-ext-templating/v/index.jsp?vgnextchannel=9e4c43db40317010VgnVCM100000dc0ca8c0RCRD&vgnextoid=2abb4291ae91f010VgnVCM2000000c205a0aRCRD,EMIGRANTES,CALLE,NUM,20,,,,,MADRID,MADRID,28043,CANILLAS,HORTALEZA,446093,4480148,40.46838219200181,-3.6371890080545435,"915 887 001 (Centralita)      
915 887 084 (Información)",,msplaboratorio@madrid.es,/contenido/entidadesYorganismos/AyuntamientoMadrid/OtrasEntidadesAdministrativasAyto, 
9422,Centro de Protección Animal,," De lunes a viernes de 9,30 a 15,30 horas.   Los días 24 y 31 de diciembre no se abrirá el Centro.  Las adopciones, el control antirrábico de animales, la entrega de animales por sus propietarios, la búsqueda de animales perdidos no identificados, tienen su horario especial.  ","  Servicio de adopción de animales, ingresados en las instalaciones. - Adopciones de lunes a sábados mediante  cita previa  a través de este enlace o bien telefonicamente en el 010.  Servicio permanente de vacunación antirrábica de perros y gatos.  Este servicion queda suspendido .  Entrega de animales por sus propietarios: mediante  cita previa  a través de este enlace o bien telefonicamente en el 010.  Acogida de animales abandonados o vagabundos entregados por ciudadanos.  Recogida de animales abandonados o vagabundos sueltos en la vía pública.  Recogida y atención urgente a los animales abandonados y/o vagabundos que se encuentran enfermos o heridos en la vía pública.  Control sanitario de animales agresores y valoración de riesgo y agresividad de estos animales (se requiere solicitud de cita a través del teléfono 91 5082645).  Localización de propietarios de animales identificados e ingresados en las instalaciones para su devolución.   Para recabar una información más detallada sobre los servicios enumerados, ver Información relacionada "," Bus: 35, 155, 118  Metro: La Peseta (L 11) Autobuses interurbanos: 483-486-487 (parada en  Ctra . Barrio de la Fortuna  n&ordm;  21, Instituto San José) ",,1,http://www.madrid.es/vgn-ext-templating/v/index.jsp?vgnextchannel=9e4c43db40317010VgnVCM100000dc0ca8c0RCRD&vgnextoid=6a177a7e0a61c010VgnVCM1000000b205a0aRCRD,BARRIO DE LA FORTUNA,CARRETERA,NUM,33,,,,,MADRID,MADRID,28054,CUATRO VIENTOS,LATINA,434043,4468606,40.363546309643375,-3.778110067286688,,,mspsveterinarios@madrid.es / mspcpa@madrid.es,/contenido/entidadesYorganismos/ResidenciasAnimales, 
4535271,Organismo Autónomo Madrid Salud,"Gestión de las políticas municipales en las materias de salud pública y drogodependencias y otros trastornos adictivos, dentro del término municipal de Madrid", De lunes a viernes de 8:30 a 14 horas Cerrado: los días 24 y 31 de diciembre ,,"Metro: Sainz de Baranda Bus: 15, 30, 215 ",,1,http://www.madrid.es/vgn-ext-templating/v/index.jsp?vgnextchannel=9e4c43db40317010VgnVCM100000dc0ca8c0RCRD&vgnextoid=7a47c15bfb031110VgnVCM1000000b205a0aRCRD,JUAN ESPLANDIU,CALLE,V,11,,,,,MADRID,MADRID,28007,ESTRELLA,RETIRO,443744,4474613,40.41836406011968,-3.664405142151528,"914 801 333              
914 801 334",,msgerencia@madrid.es,/contenido/entidadesYorganismos/AyuntamientoMadrid/OrganismosEmpresasMunicipales, 
9420,"Unidad Técnica de Control de Vectores (ratas, cucarachas)",,De lunes a viernes de 9 a 14 horas ," Vigilancia, prevención y control de vectores (roedores e insectos y arácnidos perjudiciales) en espacios e instalaciones públicas municipales - Asesoramiento técnico en materia de prevención y control de vectores - Educación y participación ciudadana - Identificación de insectos, arácnidos y otros animales.   Los servicios no incluyen:     Plagas de plantas y árboles.   Plagas en espacios o propiedades no públicas.  ", Bus: 47 Metro: La Fortuna (L 11) ,,1,http://www.madrid.es/vgn-ext-templating/v/index.jsp?vgnextchannel=9e4c43db40317010VgnVCM100000dc0ca8c0RCRD&vgnextoid=9cdd224e0d61c010VgnVCM1000000b205a0aRCRD,BARRIO DE LA FORTUNA,CARRETERA,NUM,33,,,,,MADRID,MADRID,28054,CUATRO VIENTOS,LATINA,434043,4468606,40.363546309643375,-3.778110067286688,915 113 089,,mspvectores@madrid.es,/contenido/entidadesYorganismos/AyuntamientoMadrid/OtrasEntidadesAdministrativasAyto, 
5855213,Centro Concertado de Atención a las Drogodependencias (CCAD) Fúcar (Cruz Roja)," El  CCAD  Fúcar que forma parte de la red del Instituto de Adicciones de la Ciudad de Madrid, presta una atención personalizada individual y/o grupal en régimen ambulatorio a las personas que presentan problemas de abuso o dependencia del alcohol y de otras drogas ",De lunes a viernes de 8 a 17 horas,"  Valoración interdisciplinar del paciente.  Tratamiento integral que además de abordar el propio consumo, contempla aspectos sanitarios, psicológicos, sociales y ocupacionales.  Intervenciones de reducción del daño y riesgos dirigidas a disminuir los efectos del consumo de drogas y conseguir mejoras en la salud cuando no se consigue la abstinencia.  Tratamientos farmacológicos, incluyen la utilización de tratamientos con sustitutivos opiáceos como metadona.  Apoyo a la integración social y laboral del paciente.  Intervención con las familias, tanto con las que acompañan a la persona directamente afectada, como con aquellas otras que solicitan ayuda sin que el consumidor haya decidido ponerse en tratamiento.  Derivación a recursos externos de apoyo al tratamiento y a la reinserción social, que complementan y apoyan el trabajo realizado desde los  CAD .   ",, Forma de acceso:  Directo,0,http://www.madrid.es/vgn-ext-templating/v/index.jsp?vgnextchannel=9e4c43db40317010VgnVCM100000dc0ca8c0RCRD&vgnextoid=c5dc3e042111c210VgnVCM2000000c205a0aRCRD,FUCAR,CALLE,V,8,,,,,MADRID,MADRID,28014,CORTES,CENTRO,441084,4473924,40.4119727880399,-3.695693389670018,914 291 960,,ctdfucar@cruzroja.es,/contenido/entidadesYorganismos/CentrosAtencionMedica/CentrosAsistenciaDrogodependientes, 
134929,Centro Concertado de Atención a las Drogodependencias (CCAD) Santa Hortensia (Cáritas Madrid)," El  CCAD  Santa Hortensia que forma parte de la red del Instituto de Adicciones de la Ciudad de Madrid, presta una atención personalizada individual y/o grupal en régimen ambulatorio a las personas que presentan problemas de abuso o dependencia del alcohol y de otras drogas ",De lunes a viernes de 9 a 18 horas,"   Valoración interdisciplinar del paciente.  Tratamiento integral que además de abordar el propio consumo, contempla aspectos sanitarios, psicológicos, sociales y ocupacionales.  Intervenciones de reducción del daño y riesgos dirigidas a disminuir los efectos del consumo de drogas y conseguir mejoras en la salud cuando no se consigue la abstinencia.  Tratamientos farmacológicos, incluyen la utilización de tratamientos con sustitutivos opiáceos como metadona.  Apoyo a la integración social y laboral del paciente.  Intervención con las familias, tanto con las que acompañan a la persona directamente afectada, como con aquellas otras que solicitan ayuda sin que el consumidor haya decidido ponerse en tratamiento.  Derivación a recursos externos de apoyo al tratamiento y a la reinserción social, que complementan y apoyan el trabajo realizado desde los  CAD .  "," Bus: 9 , 40 , 72 , 73 Metro: Alfonso XIII (L4) ",,0,http://www.madrid.es/vgn-ext-templating/v/index.jsp?vgnextchannel=9e4c43db40317010VgnVCM100000dc0ca8c0RCRD&vgnextoid=13ba654d9d91f010VgnVCM2000000c205a0aRCRD,SANTA HORTENSIA,CALLE,V,1,,,,,MADRID,MADRID,28002,PROSPERIDAD,CHAMARTIN,443280,4477673,40.44589847767542,-3.6701595067996826,917 440 599,,,/contenido/entidadesYorganismos/CentrosAtencionMedica/CentrosAsistenciaDrogodependientes, 
11862,Centro de Atención a las Drogodependencias (CAD) de Latina,,"  De lunes a jueves de 8 a 20,30 horas  Viernes de 8 a 15,30 horas  ","  Valoración por equipo interdisciplinar  Tratamiento ambulatorio y reinserción de drododependientes, a través de diferentes programas  Atención a familiares  Derivación a otros recursos: comunidades terapéuticas, pisos de reinserción, talleres  Atención y tratamiento individualizado, según los casos  "," Bus: 25 , 31, 138 Metro: Laguna (L 6), Casa de Campo (L 10) ","   Acceso : directo, a traves de los servicios municipales, servicios de salud o entidades comunitarias   Ámbito de actuación:  - Distrito de Latina - Distrito de Moncloa - Aravaca: salvo los barrios de Ciudad Universitaria, Puerta de Hierro, Ciudad de los Poetas y Valdezarza  ",1,http://www.madrid.es/vgn-ext-templating/v/index.jsp?vgnextchannel=9e4c43db40317010VgnVCM100000dc0ca8c0RCRD&vgnextoid=7bc4d4985261c010VgnVCM1000000b205a0aRCRD,CAMARENA,CALLE,V,10,,,,,MADRID,MADRID,28047,ALUCHE,LATINA,435929,4472190,40.39597072367931,-3.7562716852987847,917 198 989,,cadlatina@madrid.es,/contenido/entidadesYorganismos/CentrosAtencionMedica/CentrosAsistenciaDrogodependientes, 
11863,Centro de Atención a las Drogodependencias (CAD) de Villaverde,,"  De lunes a jueves de 8 a 20,30 horas  Viernes de 8 a 15,30 horas  ","  Valoración por equipo interdisciplinar  Tratamiento ambulatorio y reinserción de drododependientes, a través de diferentes programas  Atención a familiares  Derivación a otros recursos: comunidades terapéuticas, pisos de reinserción, talleres  Atención y tratamiento individualizado, según los casos.  ",Bus: 76 Renfe: Cercanías Puente Alcocer,"   Acceso : Directo - A través de los servicios municipales, servicios de salud o entidades comunitarias.   Ámbito de Actuación  - Distrito de Villaverde. - Distrito de Usera. - Distrito de Carabanchel.  ",1,http://www.madrid.es/vgn-ext-templating/v/index.jsp?vgnextchannel=9e4c43db40317010VgnVCM100000dc0ca8c0RCRD&vgnextoid=b465d4985261c010VgnVCM1000000b205a0aRCRD,VERDE VIENTO,CALLE,V,16,,,,,MADRID,MADRID,28021,SAN ANDRES,VILLAVERDE,439156,4467317,40.35231468998616,-3.717783527602668,917 231 110,,cadvillaverde@madrid.es,/contenido/entidadesYorganismos/CentrosAtencionMedica/CentrosAsistenciaDrogodependientes, 
11864,Centro de Atención a las Drogodependencias (CAD) de Vallecas,,"  De lunes a jueves de 8 a 20,30 horas  Viernes de 8 a 15,30 horas  ","  Valoración por equipo interdisciplinar  Tratamiento ambulatorio y reinserción de drododependientes, a través de diferentes programas  Atención a familiares  Derivación a otros recursos: comunidades terapéuticas, pisos de reinserción, talleres  Atención y tratamiento individualizado, según los casos  "," Bus: 10, 24, 54, 57, 58, 111, 136, 140, 310 Metro: Nueva Numancia (L1) ","   Acceso:  directo, a traves de los servicios municipales, servicios de salud o entidades comunitarias   Ámbito de actuación  - Distrito de Villa de Vallecas - Distrito de Puente de Vallecas - Distrito de Moratalaz  ",1,http://www.madrid.es/vgn-ext-templating/v/index.jsp?vgnextchannel=9e4c43db40317010VgnVCM100000dc0ca8c0RCRD&vgnextoid=6e35d4985261c010VgnVCM1000000b205a0aRCRD,CONCORDIA,CALLE,NUM,17,,,,,MADRID,MADRID,28053,SAN DIEGO,PUENTE DE VALLECAS,443626,4472022,40.39501488341387,-3.665565995938502,914 801 486 ,,cadvallecas@madrid.es,/contenido/entidadesYorganismos/CentrosAtencionMedica/CentrosAsistenciaDrogodependientes, 
11866,Centro de Atención a las Drogodependencias (CAD) de Tetuán,,"  De lunes a jueves de 8 a 20,30 horas  Viernes de 8 a 15,30 horas  ","  Valoración por equipo interdisciplinar  Tratamiento ambulatorio y reinserción de drododependientes, a través de diferentes programas  Atención a familiares  Derivación a otros recursos: comunidades terapéuticas, pisos de reinserción, talleres  Atención y tratamiento individualizado, según los casos  "," Bus: 42 Metro: Ventilla (L 9), Valdeacederas (L 1) ","   Acceso:  directo, a traves de los servicios municipales, servicios de salud o entidades comunitarias   Ámbito de actuación  - Distrito de Tetuán - Distrito de Fuencarral-El Pardo  ",1,http://www.madrid.es/vgn-ext-templating/v/index.jsp?vgnextchannel=9e4c43db40317010VgnVCM100000dc0ca8c0RCRD&vgnextoid=1815d4985261c010VgnVCM1000000b205a0aRCRD,PINOS ALTA,CALLE,V,122,,,,,MADRID,MADRID,28029,ALMENARA,TETUAN,440638,4480463,40.47084721439769,-3.701561801865397,913 235 920 ,,cadtetuan@madrid.es,/contenido/entidadesYorganismos/CentrosAtencionMedica/CentrosAsistenciaDrogodependientes, 
11887,Centro de Atención a las Drogodependencias (CAD) de Hortaleza,,"  De lunes a jueves de 8 a 20,30 horas  Viernes de 8 a 15,30 horas  ","  Valoración por equipo interdisciplinar  Tratamiento ambulatorio y reinserción de drododependientes, a través de diferentes programas  Atención a familiares  Derivación a otros recursos: comunidades terapéuticas, pisos de reinserción, talleres  Atención y tratamiento individualizado, según los casos  "," Bus: 73, 87, 104, 112, 120, 125, 153, 172 Metro: Mar de Cristal (L 4, 8) ","   Acceso:  directo, a través de los servicios municipales, servicios de salud o entidades comunitarias   Ámbito de actuación:  - Distrito de Hortaleza - Distrito de Chamartín - Distrito de Barajas  ",1,http://www.madrid.es/vgn-ext-templating/v/index.jsp?vgnextchannel=9e4c43db40317010VgnVCM100000dc0ca8c0RCRD&vgnextoid=25a4d4985261c010VgnVCM1000000b205a0aRCRD,MINAYA,CALLE,V,7,,,,,MADRID,MADRID,28043,CANILLAS,HORTALEZA,446181,4480137,40.468288815918534,-3.636150078507109,913 822 530,,cadhortaleza@madrid. es,/contenido/entidadesYorganismos/CentrosAtencionMedica/CentrosAsistenciaDrogodependientes, 
11867,Centro de Atención a las Drogodependencias (CAD) de Arganzuela,,"  De lunes a jueves de 8 a 20,30 horas  Viernes de 8 a 15,30 horas  ","  Valoración por equipo interdisciplinar  Tratamiento ambulatorio y reinserción de drododependientes, a través de diferentes programas  Atención a familiares  Derivación a otros recursos: comunidades terapéuticas, pisos de reinserción, talleres  Atención y tratamiento individualizado, según los casos  ","Bus: 6 , 8 , 18 , 19 , 22 , 45 , 47 , 76 , 78 , 79 , 85 , 86 , 88 , 123 , 148 , 247 Metro: Legazpi (L 3 y 6)","   Forma de acceso : directo, a través de los servicios municipales, servicios de salud o entidades comunitarias.   Ámbito de actuación:  - Distrito de Arganzuela - Distrito de Centro - Distrito de Retiro - Distrito de Salamanca - Distrito de Chamberí  ",1,http://www.madrid.es/vgn-ext-templating/v/index.jsp?vgnextchannel=9e4c43db40317010VgnVCM100000dc0ca8c0RCRD&vgnextoid=de74d4985261c010VgnVCM1000000b205a0aRCRD,CHOPERA,PASEO,V,12,,,,,MADRID,MADRID,28045,CHOPERA,ARGANZUELA,440866,4471826,40.39305745803064,-3.6980673403694104,"915 886 186                  
915 886 189",,cadarganzuela@madrid.es,/contenido/entidadesYorganismos/CentrosAtencionMedica/CentrosAsistenciaDrogodependientes, 
11865,Centro de Atención a las Drogodependencias (CAD) de San Blas,,"  De lunes a jueves de 8 a 20,30 horas  Viernes de 8 a 15,30 horas  ","  Valoración por equipo interdisciplinar  Tratamiento ambulatorio y reinserción de drododependientes, a través de diferentes programas  Atención a familiares  Derivación a otros recursos: comunidades terapéuticas, pisos de reinserción, talleres  Atención y tratamiento individualizado, según los casos  "," Bus: 77, 104, 105, 775 Metro: Suances (L 5) ","   Acceso:  directo, a traves de los servicios municipales, servicios de salud o entidades comunitarias   Ámbito de actuación  - Distrito de San Blas - Distrito de Ciudad Lineal - Distrito de Vicálvaro  ",1,http://www.madrid.es/vgn-ext-templating/v/index.jsp?vgnextchannel=9e4c43db40317010VgnVCM100000dc0ca8c0RCRD&vgnextoid=c1f4d4985261c010VgnVCM1000000b205a0aRCRD,ALCALA,CALLE,V,527,,,,,MADRID,MADRID,28027,EL SALVADOR,,446924,4477100,40.44097774609991,-3.6271316821262958,917 434 771 ,,cadsanblas@madrid.es,/contenido/entidadesYorganismos/CentrosAtencionMedica/CentrosAsistenciaDrogodependientes, 
163279,Centro de Patología Dual," Unidad hospitalaria de apoyo donde se realiza el abordaje terapéutico integral tanto de la psicopatología concomitante como de la conducta adictiva, en coordinación con el equipo del centro de atención. ",," Usuarios:  Pacientes con patología dual previamente diagnosticada o en los que se sospecha, para valoración, desintoxicación y/o estabilización.    Capacidad:  23 plazas.    Tiempo de estancia:  Mínimo 3 semanas, máximo 3 meses. "," Metro: Arturo Soria, Avda de la Paz  Bus: 9, 70, 72, 73,  "," El Centro de Patología Dual da respuesta a determinados perfiles cada vez más numerosos dentro de la población drogodependiente, aquellos que presentan un trastorno mental asociado a su problema de adicción.  Este centro se concibe como una unidad hospitalaria de apoyo dónde se realiza el abordaje terapéutico integral tanto de la psicopatología concomitante como de la conducta adictiva,. de aquellos pacientes que requieran un proceso de contención y estabilización intensivo de su patología a fin de poder facilitarles una buena evolución en el tratamiento, en coordinación con el equipo del centro de atención    CENTRO DE DÍA DE PATOLOGÍA DUAL     Ofrece una segunda etapa abierta, para los pacientes dados de alta de la Unidad de Patología Dual, en un contexto terapéutico de hospital de día, con las mismas características de entorno hospitalario e intervención intensiva que el dispositivo de ingreso. Conecta los dos enfoques clásicos: residencial y ambulatorio.  Capacidad: 20 plazas  Tiempo de estancia: Máximo 3 meses ",1,http://www.madrid.es/vgn-ext-templating/v/index.jsp?vgnextchannel=9e4c43db40317010VgnVCM100000dc0ca8c0RCRD&vgnextoid=c2169475d381c010VgnVCM1000000b205a0aRCRD,LOPEZ DE HOYOS,CALLE,NUM,259,,,,DISPOSITIVO DE HOSPITALIZACION,MADRID,MADRID,28043,COLINA,CIUDAD LINEAL,444055,4478878,40.45680646874779,-3.6611039641981273,914 156 000,,,/contenido/entidadesYorganismos/CentrosAtencionSocial/CentrosRehabilitacionPsicosocial, 
11899,Centro de Atención Básica Sociosanitaria a Drogodependientes,,De lunes a domingo de 21 a 8 horas,"  Intercambio de jeringuillas  Reparto de preservativos  Alimentación básica   Asistencia social  Programas educativos  Asistencia sanitaria básica, higiene, programa de vacunaciones  Cena  "," Metro: Antón Martín , Atocha  Bus: 6 , 26 , 32  Renfe: Atocha ","   Información Complementaria:    Drogodependientes en fase activa, ó en Programa de Metadona  Personas sin hogar  Pueden pernoctar  ",0,http://www.madrid.es/vgn-ext-templating/v/index.jsp?vgnextchannel=9e4c43db40317010VgnVCM100000dc0ca8c0RCRD&vgnextoid=a946d4985261c010VgnVCM1000000b205a0aRCRD,FUCAR,CALLE,V,8,,,,,MADRID,MADRID,28014,CORTES,CENTRO,441084,4473924,40.4119727880399,-3.695693389670018,91 369 12 71,,,/contenido/entidadesYorganismos/CentrosAtencionMedica/CentrosAsistenciaDrogodependientes, 
4795428,Unidad móvil Madroño,," De lunes a viernes de 16 a 17,30 horas  Sábado, domingo y festivo de 13 a 14,30 horas ","  &ldquo;Madroño&rdquo;  es un Dispositivo Móvil del Instituto de Adicciones de Madrid Salud para personas drogodependientes que no están en la red de centros ambulatorios.   Programas y actividades que desarrolla    Programa de mantenimiento con metadona  Atención sanitaria básica e información y control de  VIH /SIDA, hepatitis, tuberculosis y enfermedades de transmisión sexual.  Información y asesoramiento sobre recursos sociales.  Motivación para el tratamiento.  Acompañamiento y apoyo en el tratamiento  Reducción de daños: intercambio de jeringuillas y distribución de preservativos y papel de aluminio. Educación para la salud.  Estrategias de reducción del consumo y consumo de menos riesgo, etc.  Mejora de la calidad de vida: prestaciones en alimentación y vestuario.  Programa de atención domiciliaria  ",,,0,http://www.madrid.es/vgn-ext-templating/v/index.jsp?vgnextchannel=9e4c43db40317010VgnVCM100000dc0ca8c0RCRD&vgnextoid=d360361d139f7110VgnVCM1000000b205a0aRCRD,REY,PASEO,V,,,,,Junto al albergue de San Isidro,MADRID,MADRID,28008,ARGUELLES,MONCLOA-ARAVACA,439202,4474891,40.42054836583698,-3.7179660205926224,647 304 366,,,/contenido/entidadesYorganismos/CentrosAtencionMedica/CentrosAsistenciaDrogodependientes, 
8882,CMS Centro Madrid Salud Centro,,"  De lunes a viernes de 9 a 20 horas   Anticoncepción de urgencia  (pildora postcoital):  De lunes a viernes de 9 a 20 horas. Para evitar esperas innecesarias, le sugerimos se ponga en contacto teléfonico con el centro.  Vacunación:   Con cita previa  Consulta de VIH Y ETS mañanas de 9:30 a 10:30 horas de lunes a jueves y tardes de 16 a 17 horas, lunes y miercoles (no se precisa cita previa)  ",," Metro: Callao Bus: 1 , 2 , 44 , 46 , 74 , 75 , 133 , 146 , 147 , 148 , 202 "," ÁMBITO DE INFLUENCIA:    Distrito de Centro: Palacio, Embajadores, Universidad, Cortes, Sol, Justicia  Distrito de Moncloa: Casa de Campo, Arg&uuml;elles, Ciudad Universitaria, Valdezarza, Valdemarín, El Plantío, Aravaca   Los programas marco de salud de abordaje prioritario que desarrollan los Centros Madrid Salud son:   Alimentación, actividad física y salud  Salud sexual y reproductiva  Prevención y promoción de la salud en el ámbito educativo  Envejecimiento activo y saludable  Salud materno-infantil  Deshabituación tabáquica  Prevención y promoción de Salud Mental o Psicohigiene  Desigualdades sociales en salud  Entorno urbano y salud   Los que se desarrollan en el Centro Madrid Salud de Centro actualmente los puede consultar en:  Centro Madrid Salud de Centro  ",1,http://www.madrid.es/vgn-ext-templating/v/index.jsp?vgnextchannel=9e4c43db40317010VgnVCM100000dc0ca8c0RCRD&vgnextoid=9b824b6faa61c010VgnVCM1000000b205a0aRCRD,NAVAS DE TOLOSA,CALLE,V,10,,,,,MADRID,MADRID,28013,SOL,CENTRO,440136,4474734,40.419201879815446,-3.7069422925635527,CITACIONES: 915 889 661 / 915 889 660,,cmscentro@madrid.es,/contenido/entidadesYorganismos/CentrosAtencionMedica/CentrosPrevencionEnfermedades, 
8866,CMS Centro Madrid Salud Arganzuela,," De lunes a viernes de 8:30 a 20:30 horas    Anticoncepción de urgencia  (pildora postcoital):  De lunes a viernes de 9 a 20 horas. Para evitar esperas innecesarias, le sugerimos se ponga en contacto teléfonico con el centro.   Vacunación : cita previa ",," Metro: Puerta de Toledo, Acacias, Pirámides  Bus: 3, 6, 17, 18, 23, 34, 35, 36, 41, 60, 62, 116, 118, 119, 148 y circular  Renfe: Pirámides "," Ámbito de influencia:   - Distrito de Arganzuela: Imperial, Acacias, Chopera, Legazpi, Delicias, Palos de Moguer, Atocha, Comillas  Los  programas marco  de salud de abordaje prioritario que desarrollan los Centros Madrid Salud son:   Alimentación, actividad física y salud  Salud sexual y reproductiva  Prevención y promoción de la salud en el ámbito educativo  Envejecimiento activo y saludable  Salud materno-infantil  Deshabituación tabáquica  Prevención y promoción de Salud Mental o Psicohigiene  Desigualdades sociales en salud  Entorno urbano y salud   Los que se desarrollan en el Centro Madrid Salud de Arganzuela actualmente los puede consultar en:  Centro Madrid Salud de Arganzuela  ",1,http://www.madrid.es/vgn-ext-templating/v/index.jsp?vgnextchannel=9e4c43db40317010VgnVCM100000dc0ca8c0RCRD&vgnextoid=fe324b6faa61c010VgnVCM1000000b205a0aRCRD,CONCEJAL BENITO MARTIN LOZANO,CALLE,V,1,,,,,MADRID,MADRID,28005,ACACIAS,ARGANZUELA,439795,4473237,40.40569156269297,-3.710819612821558,CITACIONES: 913 541 826/ 913 541 784/ 913 541 785,,cmsarganzuela@madrid.es,/contenido/entidadesYorganismos/CentrosAtencionMedica/CentrosPrevencionEnfermedades, 
8867,CMS Centro Madrid Salud Fuencarral,,"  De lunes a viernes de 8:30 a 20:30 horas   Anticoncepción de urgencia  (pildora postcoital):  De lunes a viernes de 9 a 20 horas. Para evitar esperas innecesarias, le sugerimos se ponga en contacto teléfonico con el centro.   Vacunación:  con cita previa  ",," Metro: Barrio del Pilar  Bus: 83 , 128 , 132 , 134, 137, 49  Interurbano: 602 "," Ámbito de influencia:   Distrito de Fuencarral - El Pardo.    Los programas marco de salud de abordaje prioritario que desarrollan los Centros Madrid Salud son:   Alimentación, actividad física y salud  Salud sexual y reproductiva  Prevención y promoción de la salud en el ámbito educativo  Envejecimiento activo y saludable  Salud materno-infantil  Deshabituación tabáquica  Prevención y promoción de Salud Mental o Psicohigiene  Desigualdades sociales en salud  Entorno urbano y salud   Los que se desarrollan en el Centro Madrid Salud de Fuencarral actualmente los puede consultar en:  http://www.madridsalud.es/centros/fuencarral.php  ",1,http://www.madrid.es/vgn-ext-templating/v/index.jsp?vgnextchannel=9e4c43db40317010VgnVCM100000dc0ca8c0RCRD&vgnextoid=8ef24b6faa61c010VgnVCM1000000b205a0aRCRD,MONFORTE DE LEMOS,AVENIDA,V,38,,,,,MADRID,MADRID,28029,EL PILAR,FUENCARRAL-EL PARDO,439977,4481329,40.47860087334554,-3.7094408342979954,CITACIONES: 91 588 68 71 / 91 588 68 73,,cmsfuencarral@madrid.es,/contenido/entidadesYorganismos/CentrosAtencionMedica/CentrosPrevencionEnfermedades, 
8939,Centro de Salud Bucodental. Madrid Salud,," De lunes a viernes de 8,30 a 13,45 (es necesario pedir cita previa antes de acudir al centro) ",," Metro: Ciudad de los Ángeles salida calle Tertulia (L 3)  Bus: 22, 23, 59, 85, 79 y 123  Renfe: Villaverde Bajo "," Ámbito de influencia : atención a todos los escolares de Madrid  Ofrece atención bucodental a niños/as  entre los 5  y los 14 años  que consiste en:   exploración completa con detección de alteraciones  enseñanza de cepillado y control de placa bacteriana,   aplicación de cubetas de flúor semestrales y selladores de fosas y fisuras en molares definitivos  revisiones periódicas  control de dieta y orientación terapéutica.   Estas actividades son muy sencillas, bien aceptadas por el niño, indoloras y muy efectivas para reducir el nivel de caries dental en la población infantil.  El Centro de Salud Bucodental dispone también de medios para poder realizar otras pruebas diagnósticas (radiología) y terapéuticas (obturaciones) si se consideran oportunas.  ",1,http://www.madrid.es/vgn-ext-templating/v/index.jsp?vgnextchannel=9e4c43db40317010VgnVCM100000dc0ca8c0RCRD&vgnextoid=08784b6faa61c010VgnVCM1000000b205a0aRCRD,FELICIDAD,AVENIDA,V,17,,,,,MADRID,MADRID,28041,,VILLAVERDE,441456,4468086,40.35940720387406,-3.690771730176704,"Recepción: 915 88 87 80         
Secretaría: 914 80 10 40",,mspbucodental@madrid.es,/contenido/entidadesYorganismos/CentrosAtencionMedica/CentrosPrevencionEnfermedades, 
8889,Centro de Diagnóstico Médico,, Citas: de lunes a viernes de 9 a 14 horas  Programa Prevención del Sida: de lunes a viernes de 8 a 15 horas. ," El Centro de Diagnóstico Médico , dispone de consultas especializadas: Medicina Interna, Endocrinología, Dermatología, Urología y Unidades de Diagnóstico para apoyar y complementar las actividades realizadas en los  CMS : Diagnóstico por Imagen (Radiografía Convencional, Mamografías, Densitometrías,...) Diagnóstico Ginecológico (Ecografía Ginecológica).  Coordina el programa de Prevención de  HIV  ( SIDA ) y Enfermedades de Transmisión Sexual"," Metro: Manuel Becerra  Bus: 1 , 2 , 12 , 21 , 43 , 48 , 53 , 56 , 74 , 146 , 210 , C ",,1,http://www.madrid.es/vgn-ext-templating/v/index.jsp?vgnextchannel=9e4c43db40317010VgnVCM100000dc0ca8c0RCRD&vgnextoid=5a057a7e0a61c010VgnVCM1000000b205a0aRCRD,MONTESA,CALLE,V,22,,,,,MADRID,MADRID,28006,LISTA,SALAMANCA,443095,4475795,40.428976927386806,-3.6721607026353884,"915 885 100 / 06 (Citas)            
915 885 109  (Encargado del complejo sanitario)            
           
",,mspdiagnostico@madrid.es,/contenido/entidadesYorganismos/CentrosAtencionMedica/CentrosPrevencionEnfermedades, 
183742,Centro de Prevención de Deterioro Cognitivo,, De lunes a viernes de 9 a 14 horas ," Evaluación de la memoria y otras funciones cognitivas (lenguaje - orientación - atención - razonamiento...)  Análisis de sangre y pruebas de imagen cerebral  Estimulación cognitiva es un grupo de actividades orientadas a mantener o mejorar las funciones cognitivas de los pacientes (por ejemplo, mejorar la memoria) y las habilidades necesarias para la vida diaria (por ejemplo, el manejo del dinero, comunicarse por teléfono, orientarse o no perderse en una ciudad, realizar las tareas domésticas, etc.).  Información y orientación al usuario y a su familia sobre las características de la enfermedad que ha causado el deterioro cognitivo o de la memoria, cómo afrontarla, y qué recursos sociales y sanitarios hay disponibles.Para ello se realiza una sesión mensual en la que los profesionales del centro exponen todos estos aspectos y se resuelven las dudas que se puedan plantear.  Educación para la salud sobre factores de riesgo y cómo prevenir el deterioro cognitivo.  Investigación y docencia "," Metro: Manuel Becerra (Líneas 2 y 6), Lista (Línea 4)  Bus: C1, C2, 1, 2, 12, 15, 21, 26, 29, 30, 38, 43, 48, 53, 56, 61, 63, 120, 71, 74, 106, 110, 143, 146, 152, 210. "," El centro va dirigido a toda la población de la ciudad de Madrid mayor de 65 años. También va dirigido a menores de 65 años que presenten alteraciones cognitivas o de memoria. No está orientado al tratamiento de personas ya diagnosticadas de demencia. No es un Centro de Día. El Centro está formado por un equipo de profesionales de:   Neurología  Neuropsicología  Psiquiatría  Psicología  Medicina Interna  Medicina General  Enfermería  Trabajo Social  Auxiliar Sanitario  Administración     Cartera de Servicios    Evaluación neuropsicológica.  Evaluación neurológica y psiquiátrica  Análisis clínicos habituales y específicos  Pruebas de imagen (RMN)  Diagnóstico -Informe Clínico  Educación Para la Salud individual y grupal  Información-Asesoramiento-Orientación (usuarios/ familiares/ entidades)  Apoyo a tramitación de ayudas y recursos  Estimulación cognitiva individual en el domicilio  Estimulación cognitiva grupal  Estimulación cognitiva con ordenador  Orientación terapéutica farmacológica  Seguimiento del Proceso    El Centro pertenece al Servicio de Prevención y Promoción de la Salud del Instituto de Salud Pública de Madrid Salud, Ayuntamiento de Madrid. ",1,http://www.madrid.es/vgn-ext-templating/v/index.jsp?vgnextchannel=9e4c43db40317010VgnVCM100000dc0ca8c0RCRD&vgnextoid=492338d60b41c010VgnVCM2000000c205a0aRCRD,MONTESA,CALLE,V,22,,,,Edificio B,MADRID,MADRID,28006,LISTA,SALAMANCA,443095,4475795,40.428976927386806,-3.6721607026353884,"915 885 801      
915 885 810",,mspcognitiva@madrid.es,/contenido/entidadesYorganismos/CentrosAtencionMedica/CentrosEspecialidadesMedicas, 
4614547,Centro Madrid Salud Internacional. Centro de Vacunación Internacional,," De lunes a viernes de 8,30 a 13 horas  Es necesario pedir  cita previa  (salvo para la emisión de duplicados de certificado internacional de vacunación de  aquellas personas que anteriormente fueron vacunadas en el Centro) ",  Atención a las personas que planean un viaje a zonas tropicales o a países en desarrollo mediante   Consejo sanitario individualizado  Vacunación recomendada para el viaje  Prescripcion de quimioprofilaxis antipalúdica individualizada    Servicio de Inmunoprofilaxis de la Rabia Humana  Adaptación al calendario vacunal de la Comunidad de Madrid  Vacunas disponibles en el Centro:   Rabia   Triple Vírica   Tétanos / Difteria   Hepatitis B   Hepatitis A   Polio   Meningitis ACYW   Neumococo   Fiebre Amarilla   Encefalitis Japonesa   Encefalitis Primaveral   Fiebre Tifoidea Inyectable   Gripe     ," Metro: Manuel Becerra , Lista , Diego de León Bus: 1, 2, 12, 15, 21, 26, 29, 30, 38, 43, 48, 53, 56, 61, 63, C1, C2, 71, 74, 106, 110, 210, 143, 146, 152 y 215. "," Es conveniente acudir al centro al menos con un mes de antelación al viaje.  Se debe aportar al médico la máxima información sobre el viaje que se va a realizar: zonas a visitar, duración, tipo de viaje.  Para la expedición de duplicados de cartilla de fiebre amarilla a aquellas personas que anteriormente fueron vacunados en nuestro Centro no será necesario solicitar  cita previa.  El horario será de  9 a 13,30 horas  en días laborables. ",1,http://www.madrid.es/vgn-ext-templating/v/index.jsp?vgnextchannel=9e4c43db40317010VgnVCM100000dc0ca8c0RCRD&vgnextoid=8fe90c576ddc3110VgnVCM1000000b205a0aRCRD,MONTESA Edificio A Plta. Baja,CALLE,V,22,,,,,MADRID,MADRID,28006,LISTA,SALAMANCA,443095,4475795,40.428976927386806,-3.6721607026353884,"Usuarios que llaman desde el municipio de Madrid.   010                                        
Usuarios que llaman desde fuera del municipio de Madrid.    91 529 82 10                                        
                                       
",,mspinternacional@madrid.es,/contenido/entidadesYorganismos/CentrosAtencionMedica/CentrosPrevencionEnfermedades, 
8877,CMS Centro Madrid Salud Vicálvaro,," De lunes a viernes de 8:30 a 20:30 horas   Anticoncepción de urgencia (pildora postcoital):   De lunes a viernes de 8:30 a 20 horas, excepto martes y jueves de 14 a 20 horas. Para evitar esperas innecesarias, le sugerimos se ponga en contacto teléfonico con el centro .    Vacunación:  con cita previa ",," Metro: Vicálvaro  Bus: 4 , 100 , 106 , 130 ","  Ámbito de influencia:    Distrito de Moratalaz: Pavones, Horcajo, Marroquina, Media Legua, Fontarrón, Vinateros     Distrito de Vicálvaro: Casco Histórico de Vicálvaro, Ambroz    Los programas marco de salud de abordaje prioritario que desarrollan los Centros Madrid Salud son:     Alimentación, actividad física y salud   Salud sexual y reproductiva  Prevención y promoción de la salud en el ámbito educativo  Envejecimiento activo y saludable  Salud materno-infantil  Deshabituación tabáquica  Prevención y promoción de Salud Mental o Psicohigiene  Desigualdades sociales en salud  Entorno urbano y salud   Los que se desarrollan en el Centro Madrid Salud de Vicálvaro actualmente los puede consultar en:  http://www.madridsalud.es/centros/vicalvaro.php   ",1,http://www.madrid.es/vgn-ext-templating/v/index.jsp?vgnextchannel=9e4c43db40317010VgnVCM100000dc0ca8c0RCRD&vgnextoid=1eb34b6faa61c010VgnVCM1000000b205a0aRCRD,CALAHORRA,CALLE,V,11 B,,,,,MADRID,MADRID,28032,AMBROZ,VICALVARO,448289,4473386,40.40760589417718,-3.610734756927216,Citaciones: 917 602 401 / 917 753 260 / 917 753 262,,cmsvicalvaro@madrid.es,/contenido/entidadesYorganismos/CentrosAtencionMedica/CentrosPrevencionEnfermedades, 
8881,CMS Centro Madrid Salud Ciudad Lineal,,"  De lunes a viernes de 8:30 a 20:30 horas   Anticoncepción de urgencia (pildora postcoital):   De lunes a viernes de 9 a 20 horas. Para evitar esperas innecesarias, le sugerimos se ponga en contacto teléfonico con el centro .    Vacunación:  con cita previa  ",," Bus: 28, 15, 106, 110, 113, 210  Metro: La Elipa (línea 2), Ascao (línea 7), Pueblo Nuevo (líneas 7 y 5)  "," Ámbito de influencia:   Distrito de Ciudad Lineal. Ventas, Pueblo Nuevo, Quintana, Concepción, San Pascual, San Juan Bautista, Colina, Atalaya, Costillares    Los programas marco de salud de abordaje prioritario que desarrollan los Centros Madrid Salud son:   Alimentación, actividad física y salud  Salud sexual y reproductiva  Prevención y promoción de la salud en el ámbito educativo  Envejecimiento activo y saludable  Salud materno-infantil  Deshabituación tabáquica  Prevención y promoción de Salud Mental o Psicohigiene  Desigualdades sociales en salud  Entorno urbano y salud   Los que se desarrollan en el Centro Madrid Salud de Ciudad Lineal actualmente los puede consultar en:  http://www.madridsalud.es/centros/cLineal.php  ",1,http://www.madrid.es/vgn-ext-templating/v/index.jsp?vgnextchannel=9e4c43db40317010VgnVCM100000dc0ca8c0RCRD&vgnextoid=38d24b6faa61c010VgnVCM1000000b205a0aRCRD,DE AGUSTÍN GONZALEZ,PLAZA,V,1,,,,,MADRID,MADRID,28017,VENTAS,CIUDAD LINEAL,445216,4475632,40.427642192384596,-3.6471432101293173,Citaciones: 914 066 594/ 914 061 578 ,,cmsciudadlineal@madrid.es,/contenido/entidadesYorganismos/CentrosAtencionMedica/CentrosPrevencionEnfermedades, 
8873,CMS Centro Madrid Salud Villa de Vallecas,,"  De lunes a viernes de 8:30 a 20:30 horas   Anticoncepción de urgencia  (pildora postcoital):  De lunes a viernes de 9 a 20 horas. Para evitar esperas innecesarias, le sugerimos se ponga en contacto teléfonico con el centro.   Vacunación:  con cita previa  ",," Metro: Villa de Vallecas  Bus: 54 , 58 , 130 , 143 "," Ámbito de influencia:   Distrito de Villa de Vallecas. Barrios:   Casco histórico de Villa de Vallecas  Santa Eugenia  El Ensanche     Los programas marco de salud de abordaje prioritario que desarrollan los Centros Madrid Salud son:   Alimentación, actividad física y salud  Salud sexual y reproductiva  Prevención y promoción de la salud en el ámbito educativo  Envejecimiento activo y saludable  Salud materno-infantil  Deshabituación tabáquica  Prevención y promoción de Salud Mental o Psicohigiene  Desigualdades sociales en salud  Entorno urbano y salud   Los que se desarrollan en el Centro Madrid Salud de Villa de Vallecas actualmente los puede consultar en:  http://www.madridsalud.es/centros/vallecasv.php   ",1,http://www.madrid.es/vgn-ext-templating/v/index.jsp?vgnextchannel=9e4c43db40317010VgnVCM100000dc0ca8c0RCRD&vgnextoid=64e34b6faa61c010VgnVCM1000000b205a0aRCRD,SIERRA GADOR,CALLE,V,68,,,,,MADRID,MADRID,28031,CASCO H.VALLECAS,VILLA DE VALLECAS,447308,4470305,40.37978858026883,-3.622040199057613,CITACIONES: 917 791 312 / 913 807 910 ,,cmsvallecasv@madrid.es,/contenido/entidadesYorganismos/CentrosAtencionMedica/CentrosPrevencionEnfermedades, 
6017257,CMS Centro Madrid Salud Villaverde,,"  De lunes a viernes de 8:30 a 18 horas   Anticoncepción de urgencia  (pildora postcoital):  De lunes a viernes de 8:30 a 18 horas. Para evitar esperas innecesarias, le sugerimos se ponga en contacto teléfonico con el centro.  Vacunación: cita previa  ",," Metro: Ciudad de los Ángeles salida calle Tertulia (L 3)  Bus: 22, 23, 59, 85, 79 y 123  Renfe: Villaverde Bajo "," Ámbito de influencia:   Distrito Villaverde Barrios:   San Andrés, (Villaverde Alto)  San Cristobal (San Cristobal de los Ángeles)  Butarque (Nuevo Rosales)  Los Rosales (Villaverde Bajo y El Espinillo)  Los Ángeles (Ciudad de los Ángeles)   Nuestros programas son los siguientes:   Alimentación, actividad física y salud  Salud sexual y reproductiva  Prevención y promoción de la salud en el ámbito educativo  Envejecimiento activo y saludable  Salud materno-infantil  Deshabituación tabáquica  Prevención y promoción de Salud Mental o Psicohigiene  Desigualdades sociales en salud  Entorno urbano y salud en colaboración con el Centro Madrid Salud Usera   Los que se desarrollan en el Centro Madrid Salud de Villaverde actualmente los puede consultar en:  Centro Madrid Salud de Villaverde  ",1,http://www.madrid.es/vgn-ext-templating/v/index.jsp?vgnextchannel=9e4c43db40317010VgnVCM100000dc0ca8c0RCRD&vgnextoid=df3d7f073900f210VgnVCM1000000b205a0aRCRD,FELICIDAD,AVENIDA,V,17,,,,,MADRID,MADRID,28041,LOS ROSALES,VILLAVERDE,441456,4468086,40.35940720387406,-3.690771730176704,Recepción: 914 80 49 39 / 915 88 92 60,,cmsvillaverde@madrid.es,/contenido/entidadesYorganismos/CentrosAtencionMedica/CentrosPrevencionEnfermedades, 
8880,CMS Centro Madrid Salud Carabanchel,,"  De lunes a viernes de 8:30 a 20:30 horas   Anticoncepción de urgencia  (pildora postcoital): De lunes a viernes de 8:30 a 20 horas, excepto martes hasta las 15 horas. Para evitar esperas innecesarias, le sugerimos se ponga en contacto teléfonico con el centro.   Vacunación : Cita previa  ",,"Bus: 34 , 35"," Ámbito de influencia:   - Distrito de Carabanchel: Comillas, Abrantes, Buenavista, Opañel, Puerta Bonita, Vista Alegre, San Isidro.  Los programas marco de salud de abordaje prioritario que desarrollan los Centros Madrid Salud son:   Alimentación, actividad física y salud  Salud sexual y reproductiva  Prevención y promoción de la salud en el ámbito educativo  Envejecimiento activo y saludable  Salud materno-infantil  Deshabituación tabáquica  Prevención y promoción de Salud Mental o Psicohigiene  Desigualdades sociales en salud  Entorno urbano y salud   Los que se desarrollan en el Centro Madrid Salud de Carabanchel actualmente los puede consultar en:  Centro Madrid Salud de Carabanchel  ",1,http://www.madrid.es/vgn-ext-templating/v/index.jsp?vgnextchannel=9e4c43db40317010VgnVCM100000dc0ca8c0RCRD&vgnextoid=45624b6faa61c010VgnVCM1000000b205a0aRCRD,EUGENIA DE MONTIJO,CALLE,V,90,,,,,MADRID,MADRID,28025,VISTA ALEGRE,CARABANCHEL,436587,4470216,40.37830205060461,-3.748252006016631,CITACIONES:913 696 072 / 913 602 200 ,,cmscarabanchel@madrid.es,/contenido/entidadesYorganismos/CentrosAtencionMedica/CentrosPrevencionEnfermedades, 
8878,CMS Centro Madrid Salud Usera,," De lunes a viernes de 8:30 a 20:30 horas   Anticoncepción de urgencia (pildora postcoital):   De lunes a viernes de 8:30 a 20 horas. Para evitar esperas innecesarias, le sugerimos se ponga en contacto teléfonico con el centro.   Vacunación: con cita previa  ",," Bus: 6 , 60 , 78 , 81  Metro: Plaza Elíptica "," Ámbito de influencia:   Distrito de Usera: Orcasitas, Orcasur, San Fermín, Almendrales, Moscardó, Zofío, Pradolongo    En los Centros Madrid Salud se realiza:   Alimentación, actividad física y salud  Salud sexual y reproductiva  Prevención y promoción de la salud en el ámbito educativo  Envejecimiento activo y saludable  Salud materno-infantil  Deshabituación tabáquica  Prevención y promoción de Salud Mental o Psicohigiene  Desigualdades sociales en salud  Entorno urbano y salud   Los que se desarrollan en el Centro Madrid Salud de Usera actualmente los puede consultar en:  http://www.madridsalud.es/centros/usera.php   ",1,http://www.madrid.es/vgn-ext-templating/v/index.jsp?vgnextchannel=9e4c43db40317010VgnVCM100000dc0ca8c0RCRD&vgnextoid=c7934b6faa61c010VgnVCM1000000b205a0aRCRD,AVENA,CALLE,V,3,,,,(Esquina a calle Heno),MADRID,MADRID,28026,ZOFIO,USERA,439358,4470137,40.37773347929677,-3.7156736251996945,CITACIONES: 914 607 199 / 914 609 850 / 914 607 200,,cmsusera@madrid.es,/contenido/entidadesYorganismos/CentrosAtencionMedica/CentrosPrevencionEnfermedades, 
8870,CMS Centro Madrid Salud Chamberí,,"  De lunes a viernes de 8:30 a 20:30 horas   Anticoncepción de urgencia  (pildora postcoital):  De lunes a viernes de 9 a 20 horas. Para evitar esperas innecesarias, le sugerimos se ponga en contacto teléfonico con el centro.   Vacunación:  con cita previa  ",," Metro: Iglesia   Bus: 3 , 5 , 16 , 40 , 61 , 147 "," Ámbito de Influencia:   Distrito de Chamartín: Barrios de Prosperidad, El Viso y Ciudad Jardín   Distrito de Chamberí.   Los programas marco de salud de abordaje prioritario que desarrollan los Centros Madrid Salud son:   Alimentación, actividad física y salud  Salud sexual y reproductiva  Prevención y promoción de la salud en el ámbito educativo  Envejecimiento activo y saludable  Salud materno-infantil  Deshabituación tabáquica  Prevención y promoción de Salud Mental o Psicohigiene  Desigualdades sociales en salud  Entorno urbano y salud   Los que se desarrollan en el Centro Madrid Salud de Chamberí actualmente los puede consultar en:  http://www.madridsalud.es/centros/chamberi.php   ",1,http://www.madrid.es/vgn-ext-templating/v/index.jsp?vgnextchannel=9e4c43db40317010VgnVCM100000dc0ca8c0RCRD&vgnextoid=e1b24b6faa61c010VgnVCM1000000b205a0aRCRD,RAFAEL CALVO,CALLE,V,6,,,,,MADRID,MADRID,28010,ALMAGRO,CHAMBERI,440985,4476318,40.43353205080221,-3.6970827354853677,CITACIONES:  915 886 784 / 915 886 783 ,915 886 790,cmschamberi@madrid.es,/contenido/entidadesYorganismos/CentrosAtencionMedica/CentrosPrevencionEnfermedades, 
163281,CMS Centro Madrid Salud Joven,, De lunes a viernes de 9 a 20 horas ,," Metro: Callao  Bus: 1 , 2 , 44 , 46 , 74 , 75 , 133 , 146 , 147 , 148 ","  &iquest;Quién puede acudir al Centro?   Menores de 21 años, salvo para consejo de  VIH  que es hasta 24 años. Preferiblemente con cita previa.  Los mayores de 20 pueden acudir a la red de los 16 Centros Madrid Salud ( CMS ), donde también se atiende a población joven, sin límite de edad, y se ofrecen servicios similares. Ver relación de centros en información relacionada.   &iquest;Para qué se puede acudir al Centro Joven?   En el  CMSJ  puedes encontrar apoyo en las siguientes áreas:     Salud sexual y reproductiva     Métodos anticonceptivos  : Pedir cita previa. Preferiblemente acudir con la pareja    Información sobre métodos   consejo anticonceptivo   análisis de sangre si procede   inicio y seguimiento del método (preservativo, pastilla, anillo, parche, doble método, etc...)      Píldora de Anticoncepción de Urgencia : A demanda, en el horario del centro. Información y prescripción de la pastilla de forma gratuita.    Test de embarazo: Prueba gratuita      Información sobre la  interrupción voluntaria del embarazo ( IVE ):  Control gratuito post- IVE      Consejo de   VIH     e Infecciones de Trasmisión sexual ( ITS ).  Puede ser con cita previa, llamando por teléfono, o a demanda (acudiendo sin cita) Los horarios en los que se atiende  a demanda  son: De lunes a viernes de 9 a 12 horas y de 15 a 18 horas.    Prueba de  VIH  . Análisis. Mañanas: martes y jueves de 9 a 10 horas, Tardes: lunes, martes y miércoles de 15 a 18 horas   Test rápido de  VIH  .Si procede     Consulta de sexología  : Información, apoyo y tratamiento de los problemas sexuales. Cita previa.       Ginecología de la adolescencia:  control ginecológico, alteraciones de la regla, etc...      Asesoría de drogas  : información y apoyo sobre el consumo de drogas.  Consejos para  dejar de fumar.     Maltrato y abusos:   Detección y apoyo a las situaciones de violencia de género.   Educación maternal y preparación al parto : Información y apoyo durante el embarazo.  Grupos de embarazadas adolescentes.      Salud mental. Con cita previa     Apoyo y orientación emocional     Apoyo y orientación familiar      ",1,http://www.madrid.es/vgn-ext-templating/v/index.jsp?vgnextchannel=9e4c43db40317010VgnVCM100000dc0ca8c0RCRD&vgnextoid=a139ac2e6481c010VgnVCM1000000b205a0aRCRD,NAVAS DE TOLOSA,CALLE,V,10,,,,,MADRID,MADRID,28013,SOL,CENTRO,440135,4474737,40.41922883312708,-3.7069543620889194,CITACIONES: 915 889 677 / 915 889 678,,cmsjoven@madrid.es,/contenido/entidadesYorganismos/CentrosAtencionMedica/CentrosPrevencionEnfermedades, 
8876,CMS Centro Madrid Salud Latina,,"  De lunes a viernes de 8:30 a 14:30 horas.   Anticoncepción de urgencia (pildora postcoital):   De lunes a viernes de 9 a 14:30 horas, tardes no hay servicio. Para evitar esperas innecesarias, le sugerimos se ponga en contacto teléfonico con el centro.    Vacunación:  con cita previa  ",,"Metro: Alto de Extremadura Bus: 31 , 33 , 36 , 39 , 65"," ÁMBITO DE INFLUENCIA:   Distrito de Latina.   Los programas marco de salud de abordaje prioritario que desarrollan los Centros Madrid Salud son:   Alimentación, actividad física y salud  Salud sexual y reproductiva  Prevención y promoción de la salud en el ámbito educativo  Envejecimiento activo y saludable  Salud materno-infantil  Deshabituación tabáquica  Prevención y promoción de Salud Mental o Psicohigiene  Desigualdades sociales en salud  Entorno urbano y salud   Los que se desarrollan en el Centro Madrid Salud de Latina actualmente los puede consultar en:  http://www.madridsalud.es/centros/latina.php  ",1,http://www.madrid.es/vgn-ext-templating/v/index.jsp?vgnextchannel=9e4c43db40317010VgnVCM100000dc0ca8c0RCRD&vgnextoid=d4234b6faa61c010VgnVCM1000000b205a0aRCRD,EXTREMADURA,PASEO,V,147,,,,,MADRID,MADRID,28011,PUERTA DEL ANGEL,LATINA,437393,4473686,40.40955885950758,-3.7391695341734,CITACIONES: 915 262 565 / 914 649 972 / 914 794 666,,cmslatina@madrid.es,/contenido/entidadesYorganismos/CentrosAtencionMedica/CentrosPrevencionEnfermedades, 
148488,CMS Centro Madrid Salud Puente de Vallecas,," De lunes a viernes de 8:30 a 20:30 horas   Anticoncepción de urgencia  (pildora postcoital):  De lunes a viernes de 9 a 20 horas. Para evitar esperas innecesarias, le sugerimos se ponga en contacto teléfonico con el centro. ",," Metro: Nueva Numancia  Bus: 10 , 24 , 54 , 57 , 58 , 111 , 140 ","  Ámbito de influencia:     -  Distrito de Puente de Vallecas: Entrevías, Palomeras Bajas, Numancia, San Diego, Palomeras Altas, Portazgo     Los programas marco de salud de abordaje prioritario que desarrollan los Centros Madrid Salud son:   Alimentación, actividad física y salud  Salud sexual y reproductiva  Prevención y promoción de la salud en el ámbito educativo  Envejecimiento activo y saludable  Salud materno-infantil  Deshabituación tabáquica  Prevención y promoción de Salud Mental o Psicohigiene  Desigualdades sociales en salud  Entorno urbano y salud   Los que se desarrollan en el Centro Madrid Salud de Puente de Vallecas actualmente los puede consultar en:  http://www.madridsalud.es/centros/puenteva.php   ",1,http://www.madrid.es/vgn-ext-templating/v/index.jsp?vgnextchannel=9e4c43db40317010VgnVCM100000dc0ca8c0RCRD&vgnextoid=f759ac2e6481c010VgnVCM1000000b205a0aRCRD,CONCORDIA,CALLE,NUM,15,,,,,MADRID,MADRID,28053,SAN DIEGO,PUENTE DE VALLECAS,443622,4472049,40.39525784370076,-3.665615521144969,CITACIONES: 915 886 016 / 915 133 025,,cmsvallecasp@madrid.es,/contenido/entidadesYorganismos/CentrosAtencionMedica/CentrosPrevencionEnfermedades, 
4645539,CMS Centro Madrid Salud San Blas,," De lunes a viernes de 8:30 a 20:30 horas    Anticoncepción de urgencia (pildora postcoital):  Para evitar esperas innecesarias, le sugerimos se ponga en contacto teléfonico con el centro.   De lunes a viernes de 9 a 15 horas.   Lunes de 15 a 20 horas.   Martes y jueves de 15 a 17 horas.  "," El Servicio de Prevención y Promoción de la Salud, dependiente de la Dirección del Instituto de Salud Pública, tiene como función principal el desarrollo en la ciudad de Madrid de actividades específicas preventivas y de promoción de la Salud dirigidas a los tres grandes grupos de edad: infanto-juvenil, adulto y mayor. La mujer recibe una atención específica aplicada a estos tres grupos.   Se realizan también otras actividades de carácter transversal sobre dichos grupos y actividades dirigidas a reducir desigualdades. "," Autobus: 38, 48, 106  Metro: San Blas, Simancas ","  Ámbito de influencia:  Barrios de Simancas, Salvador, Hellín, Amposta, Arcos y Rosas  Los programas marco de salud de abordaje prioritario que desarrollan los Centros Madrid Salud son:   Alimentación, actividad física y salud  Salud sexual y reproductiva  Prevención y promoción de la salud en el ámbito educativo  Envejecimiento activo y saludable  Salud materno-infantil  Deshabituación tabáquica  Prevención y promoción de Salud Mental o Psicohigiene  Desigualdades sociales en salud  Entorno urbano y salud   Los que se desarrollan en el Centro Madrid Salud de San Blas actualmente los puede consultar en:  http://www.madridsalud.es/centros/sblas.php   ",1,http://www.madrid.es/vgn-ext-templating/v/index.jsp?vgnextchannel=9e4c43db40317010VgnVCM100000dc0ca8c0RCRD&vgnextoid=40b3b8facf715110VgnVCM1000000b205a0aRCRD,POBLADURA DEL VALLE,CALLE,V,13 B,,,,esquina C/ Amposta,MADRID,MADRID,28037,AMPOSTA,SAN BLAS-CANILLEJAS,447028,4475074,40.42273298805746,-3.6257362568065243,"CITACIONES: 917 609 656/47      
",,,/contenido/entidadesYorganismos/CentrosAtencionMedica/CentrosPrevencionEnfermedades, 
8871,CMS Centro Madrid Salud Tetuán,," De lunes a viernes de 8:30 a 20:30 horas   Anticoncepción de urgencia (pildora postcoital):   De lunes a viernes de 8:30 a 20 horas. Para evitar esperas innecesarias, le sugerimos se ponga en contacto teléfonico con el centro.   Vacunación:  con cita previa ",," Metro: Valdeacederas  Bus: 42 , 49 , 124 ","  Ámbito de influencia:    Distrito de Chamartín: Barrios de Hispanoamérica , Nueva España y Castilla  Distrito de Tetuán.   Los programas marco de salud de abordaje prioritario que desarrollan los Centros Madrid Salud son:   Alimentación, actividad física y salud  Salud sexual y reproductiva  Prevención y promoción de la salud en el ámbito educativo  Envejecimiento activo y saludable  Salud materno-infantil  Deshabituación tabáquica  Prevención y promoción de Salud Mental o Psicohigiene  Desigualdades sociales en salud  Entorno urbano y salud   Los que se desarrollan en el Centro Madrid Salud de Tetuán actualmente los puede consultar en:  http://www.madridsalud.es/centros/tetuan.php   ",1,http://www.madrid.es/vgn-ext-templating/v/index.jsp?vgnextchannel=9e4c43db40317010VgnVCM100000dc0ca8c0RCRD&vgnextoid=71734b6faa61c010VgnVCM1000000b205a0aRCRD,AGUILEÑAS,CALLE,V,1,,,,,MADRID,MADRID,28029,ALMENARA,TETUAN,441305,4479862,40.46548064796593,-3.6936383781020643,CITACIONES: 915 886 675/ 915 886 689 ,,cmstetuan@madrid.es,/contenido/entidadesYorganismos/CentrosAtencionMedica/CentrosPrevencionEnfermedades, 
8872,CMS Centro Madrid Salud Retiro,,"  De lunes a viernes de 9 a 15 horas    Anticoncepción de urgencia  (píldora postcoital): de lunes a viernes de 9 a 15 horas. Si necesita atención poscoital hasta las 20 horas, se atenderá en la misma dirección por los profesionales del  CMS  de Puente de Vallecas. Para evitar esperas innecesarias, le sugerimos se ponga en contacto telefónico con el centro.   Vacunación:  con cita previa  ",," Metro: Nueva Numancia  Bus: 10 , 24, 54, 57, 58, 111, 140 "," Ámbito de influencia:   Distrito de Retiro: Pacífico, Adelfas, Estrella, Ibiza, Jerónimos, Niño Jesús   Distrito de Salamanca: Recoletos, Goya, Fuente del Berro, Guindalera, Lista, Castellana   Los programas marco de salud de abordaje prioritario que desarrollan los Centros Madrid Salud son:   Alimentación, actividad física y salud  Salud sexual y reproductiva  Prevención y promoción de la salud en el ámbito educativo  Envejecimiento activo y saludable  Salud materno-infantil  Prevención y promoción de Salud Mental o Psicohigiene  Desigualdades sociales en salud  Entorno urbano y salud   Los que se desarrollan en el Centro Madrid Salud de Retiro actualmente los puede consultar en:  http://www.madridsalud.es/centros/retiro.php  ",1,http://www.madrid.es/vgn-ext-templating/v/index.jsp?vgnextchannel=9e4c43db40317010VgnVCM100000dc0ca8c0RCRD&vgnextoid=2b434b6faa61c010VgnVCM1000000b205a0aRCRD,CONCORDIA,CALLE,V,15,,,,,MADRID,MADRID,28053,SAN DIEGO,PUENTE DE VALLECAS,443622,4472049,40.39525784370076,-3.665615521144969,CITACIONES: 913 601 530 ,,cmsretiro@madrid.es,/contenido/entidadesYorganismos/CentrosAtencionMedica/CentrosPrevencionEnfermedades, 
17433,CMS Centro Madrid Salud Hortaleza,," De lunes a viernes de 8:30 a 20:30 horas   Anticoncepción de urgencia (pildora postcoital):   De lunes a viernes de 9 a 17 horas. Para evitar esperas innecesarias, le sugerimos se ponga en contacto teléfonico con el centro.   Vacunación:  con cita previa ",," Bus: 73 , 120 , 122  Metro: L 4, estación Canillas "," Ámbito de influencia:   Distrito de Hortaleza  Distrito de Barajas.   Los programas marco de salud de abordaje prioritario que desarrollan los Centros Madrid Salud son:   Alimentación, actividad física y salud  Salud sexual y reproductiva  Prevención y promoción de la salud en el ámbito educativo  Envejecimiento activo y saludable  Deshabituación tabáquica  Prevención y promoción de Salud Mental o Psicohigiene  Desigualdades sociales en salud  Entorno urbano y salud   Los que se desarrollan en el Centro Madrid Salud de Hortaleza actualmente los puede consultar en:  http://www.madridsalud.es/centros/hortaleza.php   ",1,http://www.madrid.es/vgn-ext-templating/v/index.jsp?vgnextchannel=9e4c43db40317010VgnVCM100000dc0ca8c0RCRD&vgnextoid=aec4e35bba51c010VgnVCM2000000c205a0aRCRD,JUAN CLEMENTE NUÑEZ,CALLE,V,3,,,,frente a Silvano 157,MADRID,MADRID,28043,,HORTALEZA,446950,4479454,40.46218555303646,-3.627022202641673,"CITACIONES: 917 489 197 / 917 489 207       
",,cmshortaleza@madrid.es,/contenido/entidadesYorganismos/CentrosAtencionMedica/CentrosPrevencionEnfermedades, 
8835,Servicio de Inmunoprofilaxis de la Rabia Humana,,De lunes a viernes de 9 a 14 horas,Vacunaciones antirrábicas,"Metro: Manuel Becerra Bus: 1 , 2 , 12 , 21 , 43 , 48 , 53 , 56 , 74 , 146 , 210 , C",,1,http://www.madrid.es/vgn-ext-templating/v/index.jsp?vgnextchannel=9e4c43db40317010VgnVCM100000dc0ca8c0RCRD&vgnextoid=706f34c0e2c5f010VgnVCM2000000c205a0aRCRD,MONTESA,CALLE,V,22,,,,,MADRID,MADRID,28006,LISTA,SALAMANCA,443095,4475795,40.428976927386806,-3.6721607026353884,915 885 960 / 915 885 180 / 915 885 949,,mspinternacional@madrid.es,/contenido/entidadesYorganismos/AyuntamientoMadrid/OtrasEntidadesAdministrativasAyto, 
